plot_id,class,Site,cover,level,layer,id,percentage_inside,clumpy,pd,pland,NA
1,1,ana,coral,class,1,NA,99.99391446,0.992040707,2.000121718,1.238353818,NA
1,0,man,coral,class,NA,NA,NA,NA,NA,0,NA
1,0,vhu,coral,class,1,NA,100.0311061,0.987304537,18.99409167,36.4182162,NA
2,1,ana,coral,class,1,NA,99.89351896,0.990401091,8.008527563,6.009120047,NA
2,0,man,coral,class,NA,NA,NA,NA,NA,0,NA
2,0,vhu,coral,class,1,NA,99.91145171,0.987284375,20.01772535,23.9860877,NA
3,1,ana,coral,class,1,NA,99.99391446,0.995174274,4.000243437,3.218911865,NA
3,0,man,coral,class,NA,NA,NA,NA,NA,0,NA
3,0,vhu,coral,class,1,NA,100.0311061,0.988894222,15.99502457,30.00114603,NA
4,1,ana,coral,class,1,NA,99.99391446,0.995263018,3.000182577,3.67172917,NA
4,0,man,coral,class,NA,NA,NA,NA,NA,0,NA
4,0,vhu,coral,class,1,NA,100.0311061,0.987669768,18.99409167,28.62175171,NA
5,1,ana,coral,class,1,NA,99.89351896,0.997965772,1.001065945,1.014428278,NA
5,0,man,coral,class,NA,NA,NA,NA,NA,0,NA
5,0,vhu,coral,class,1,NA,99.91145171,0.987620069,18.01595282,32.34909821,NA
6,1,ana,coral,class,NA,NA,NA,NA,NA,0,NA
6,0,man,coral,class,NA,NA,NA,NA,NA,0,NA
6,0,vhu,coral,class,1,NA,99.91145171,0.985264768,24.02127042,43.04664922,NA
7,1,ana,coral,class,1,NA,99.99391446,0.991441416,2.000121718,0.541401017,NA
7,0,man,coral,class,NA,NA,NA,NA,NA,0,NA
7,0,vhu,coral,class,1,NA,100.0311061,0.98517455,18.99409167,45.74750021,NA
8,1,ana,coral,class,1,NA,99.99391446,0.99695573,1.000060859,0.659478962,NA
8,0,man,coral,class,NA,NA,NA,NA,NA,0,NA
8,0,vhu,coral,class,1,NA,100.0311061,0.988102059,14.99533553,26.45044839,NA
9,1,ana,coral,class,1,NA,99.89351896,0.998412736,1.001065945,1.797316563,NA
9,0,man,coral,class,NA,NA,NA,NA,NA,0,NA
9,0,vhu,coral,class,1,NA,99.91145171,0.986816452,21.01861162,28.56653161,NA
10,1,ana,coral,class,NA,NA,NA,NA,NA,0,NA
10,0,man,coral,class,NA,NA,NA,NA,NA,0,NA
10,0,vhu,coral,class,1,NA,100.0311061,0.987304212,19.99378071,30.51342291,NA
11,1,ana,coral,class,1,NA,100.094512,0.993246041,2.997167319,5.325523198,NA
11,0,man,coral,class,1,NA,99.94930406,0.992724864,1.000507217,0.419365702,NA
11,0,vhu,coral,class,1,NA,100.0311061,0.988350655,14.99533553,32.82998596,NA
12,1,ana,coral,class,NA,NA,NA,NA,NA,0,NA
12,0,man,coral,class,NA,NA,NA,NA,NA,0,NA
12,0,vhu,coral,class,1,NA,99.91145171,0.986967689,21.01861162,37.83584926,NA
13,1,ana,coral,class,NA,NA,NA,NA,NA,0,NA
13,0,man,coral,class,NA,NA,NA,NA,NA,0,NA
13,0,vhu,coral,class,1,NA,100.0311061,0.986935734,20.99346974,31.9776237,NA
14,1,ana,coral,class,1,NA,100.094512,0.995872884,1.998111546,0.960323707,NA
14,0,man,coral,class,NA,NA,NA,NA,NA,0,NA
14,0,vhu,coral,class,1,NA,100.0311061,0.99007604,8.997201318,13.82173452,NA
15,1,ana,coral,class,NA,NA,NA,NA,NA,0,NA
15,0,man,coral,class,1,NA,99.94930406,0.997682319,1.000507217,1.625363998,NA
15,0,vhu,coral,class,1,NA,99.91145171,0.988286103,17.01506655,35.61318082,NA
16,1,ana,coral,class,NA,NA,NA,NA,NA,0,NA
16,0,man,coral,class,NA,NA,NA,NA,NA,0,NA
16,0,vhu,coral,class,1,NA,99.91145171,0.988826115,18.01595282,32.80963821,NA
17,1,ana,coral,class,1,NA,100.094512,0.993023981,1.998111546,1.81076063,NA
17,0,man,coral,class,NA,NA,NA,NA,NA,0,NA
17,0,vhu,coral,class,1,NA,100.0311061,0.989264458,14.99533553,27.14050368,NA
18,1,ana,coral,class,1,NA,100.094512,0.999053762,0.999055773,2.928397005,NA
18,0,man,coral,class,NA,NA,NA,NA,NA,0,NA
18,0,vhu,coral,class,1,NA,100.0311061,0.989658254,12.99595746,28.96312638,NA
19,1,ana,coral,class,NA,NA,NA,NA,NA,0,NA
19,0,man,coral,class,NA,NA,NA,NA,NA,0,NA
19,0,vhu,coral,class,1,NA,99.91145171,0.988952989,15.01329402,30.11610312,NA
20,1,ana,coral,class,NA,NA,NA,NA,NA,0,NA
20,0,man,coral,class,NA,NA,NA,NA,NA,0,NA
20,0,vhu,coral,class,1,NA,100.0311061,0.988865055,14.99533553,33.7746039,NA
21,1,ana,coral,class,1,NA,99.99391446,1,1.000060859,4.04E-04,NA
21,0,man,coral,class,1,NA,100.0900777,0.99616953,0.999100033,0.55586217,NA
21,0,vhu,coral,class,1,NA,100.0311061,0.987456283,18.99409167,25.98215053,NA
22,1,ana,coral,class,NA,NA,NA,NA,NA,0,NA
22,0,man,coral,class,NA,NA,NA,NA,NA,0,NA
22,0,vhu,coral,class,1,NA,99.91145171,0.986810052,19.01683909,37.51385851,NA
23,1,ana,coral,class,1,NA,99.99391446,0.992028602,2.000121718,1.151689252,NA
23,0,man,coral,class,NA,NA,NA,NA,NA,0,NA
23,0,vhu,coral,class,1,NA,100.0311061,0.982703648,24.99222588,45.71512477,NA
24,1,ana,coral,class,1,NA,99.99391446,0.989833826,3.000182577,1.110781153,NA
24,0,man,coral,class,NA,NA,NA,NA,NA,0,NA
24,0,vhu,coral,class,1,NA,100.0311061,0.986514961,16.9947136,21.46950119,NA
25,1,ana,coral,class,1,NA,99.89351896,0.995978842,1.001065945,1.039301133,NA
25,0,man,coral,class,1,NA,100.0900777,0.938092237,0.999100033,0.042926011,NA
25,0,vhu,coral,class,1,NA,99.91145171,0.985521263,23.02038416,35.25146115,NA
26,1,ana,coral,class,NA,NA,NA,NA,NA,0,NA
26,0,man,coral,class,NA,NA,NA,NA,NA,0,NA
26,0,vhu,coral,class,1,NA,99.91145171,0.984213962,26.02304296,39.52755567,NA
27,1,ana,coral,class,NA,NA,NA,NA,NA,0,NA
27,0,man,coral,class,NA,NA,NA,NA,NA,0,NA
27,0,vhu,coral,class,1,NA,100.0311061,0.990855179,9.996890353,27.09165401,NA
28,1,ana,coral,class,NA,NA,NA,NA,NA,0,NA
28,0,man,coral,class,NA,NA,NA,NA,NA,0,NA
28,0,vhu,coral,class,1,NA,100.0311061,0.989645677,13.99564649,25.93115205,NA
29,1,ana,coral,class,NA,NA,NA,NA,NA,0,NA
29,0,man,coral,class,NA,NA,NA,NA,NA,0,NA
29,0,vhu,coral,class,1,NA,99.91145171,0.988706995,14.01240775,31.03101581,NA
30,1,ana,coral,class,NA,NA,NA,NA,NA,0,NA
30,0,man,coral,class,NA,NA,NA,NA,NA,0,NA
30,0,vhu,coral,class,1,NA,100.0311061,0.990779407,10.99657939,21.92547919,NA
31,1,ana,coral,class,NA,NA,NA,NA,NA,0,NA
31,0,man,coral,class,NA,NA,NA,NA,NA,0,NA
31,0,vhu,coral,class,1,NA,100.0311061,0.986203748,16.9947136,41.57808784,NA
32,1,ana,coral,class,NA,NA,NA,NA,NA,0,NA
32,0,man,coral,class,NA,NA,NA,NA,NA,0,NA
32,0,vhu,coral,class,1,NA,99.91145171,0.988545431,14.01240775,30.62096167,NA
33,1,ana,coral,class,NA,NA,NA,NA,NA,0,NA
33,0,man,coral,class,NA,NA,NA,NA,NA,0,NA
33,0,vhu,coral,class,1,NA,100.0311061,0.984323068,25.99191492,40.83574478,NA
34,1,ana,coral,class,NA,NA,NA,NA,NA,0,NA
34,0,man,coral,class,NA,NA,NA,NA,NA,0,NA
34,0,vhu,coral,class,1,NA,100.0311061,0.986445785,20.99346974,40.54264676,NA
35,1,ana,coral,class,NA,NA,NA,NA,NA,0,NA
35,0,man,coral,class,1,NA,99.94930406,0.997811398,1.000507217,2.195677582,NA
35,0,vhu,coral,class,1,NA,99.91145171,0.987136738,20.01772535,34.44469146,NA
36,1,ana,coral,class,NA,NA,NA,NA,NA,0,NA
36,0,man,coral,class,1,NA,99.94930406,0.991112224,3.00152165,4.022503516,NA
36,0,vhu,coral,class,1,NA,99.91145171,0.989407756,16.01418028,25.40083904,NA
37,1,ana,coral,class,NA,NA,NA,NA,NA,0,NA
37,0,man,coral,class,NA,NA,NA,NA,NA,0,NA
37,0,vhu,coral,class,1,NA,100.0311061,0.990075994,12.99595746,22.72569693,NA
38,1,ana,coral,class,NA,NA,NA,NA,NA,0,NA
38,0,man,coral,class,NA,NA,NA,NA,NA,0,NA
38,0,vhu,coral,class,1,NA,100.0311061,0.988611668,12.99595746,18.71486692,NA
39,1,ana,coral,class,NA,NA,NA,NA,NA,0,NA
39,0,man,coral,class,NA,NA,NA,NA,NA,0,NA
39,0,vhu,coral,class,1,NA,99.91145171,0.990540935,7.006203874,11.39474345,NA
40,1,ana,coral,class,1,NA,99.99391446,0.998193787,1.000060859,0.513118874,NA
40,0,man,coral,class,NA,NA,NA,NA,NA,0,NA
40,0,vhu,coral,class,1,NA,100.0311061,0.9920654,8.997201318,23.25287225,NA
41,1,ana,coral,class,NA,NA,NA,NA,NA,0,NA
41,0,man,coral,class,NA,NA,NA,NA,NA,0,NA
41,0,vhu,coral,class,1,NA,100.0311061,0.988196552,15.99502457,33.10890181,NA
42,1,ana,coral,class,1,NA,99.99401546,0.998174718,1.000059849,1.903689301,NA
42,0,man,coral,class,NA,NA,NA,NA,NA,0,NA
42,0,vhu,coral,class,1,NA,99.91145171,0.988572528,15.01329402,23.86216788,NA
43,1,ana,coral,class,NA,NA,NA,NA,NA,0,NA
43,0,man,coral,class,NA,NA,NA,NA,NA,0,NA
43,0,vhu,coral,class,1,NA,100.0311061,0.988144835,16.9947136,32.52943873,NA
44,1,ana,coral,class,NA,NA,NA,NA,NA,0,NA
44,0,man,coral,class,NA,NA,NA,NA,NA,0,NA
44,0,vhu,coral,class,1,NA,100.0311061,0.985739977,21.99315878,32.0704524,NA
45,1,ana,coral,class,NA,NA,NA,NA,NA,0,NA
45,0,man,coral,class,NA,NA,NA,NA,NA,0,NA
45,0,vhu,coral,class,1,NA,99.91145171,0.984216666,26.02304296,42.01427086,NA
46,1,ana,coral,class,NA,NA,NA,NA,NA,0,NA
46,0,man,coral,class,1,NA,100.0900777,0.991854896,2.9973001,2.926287929,NA
46,0,vhu,coral,class,1,NA,99.91145171,0.987394222,20.01772535,26.71232386,NA
47,1,ana,coral,class,NA,NA,NA,NA,NA,0,NA
47,0,man,coral,class,NA,NA,NA,NA,NA,0,NA
47,0,vhu,coral,class,1,NA,100.0311061,0.989692784,12.99595746,33.51846546,NA
48,1,ana,coral,class,NA,NA,NA,NA,NA,0,NA
48,0,man,coral,class,NA,NA,NA,NA,NA,0,NA
48,0,vhu,coral,class,1,NA,100.0311061,0.994007954,3.998756141,2.281179268,NA
49,1,ana,coral,class,1,NA,99.99401546,0.999064343,1.000059849,1.157647534,NA
49,0,man,coral,class,NA,NA,NA,NA,NA,0,NA
49,0,vhu,coral,class,1,NA,99.91145171,0.989791765,11.00974894,24.89282513,NA
50,1,ana,coral,class,1,NA,100.094512,0.996595116,0.999055773,0.453371274,NA
50,0,man,coral,class,NA,NA,NA,NA,NA,0,NA
50,0,vhu,coral,class,1,NA,100.0311061,0.988779072,14.99533553,28.15918402,NA
51,1,ana,coral,class,NA,NA,NA,NA,NA,0,NA
51,0,man,coral,class,NA,NA,NA,NA,NA,0,NA
51,0,vhu,coral,class,1,NA,100.0311061,0.987982269,16.9947136,29.27226886,NA
52,1,ana,coral,class,NA,NA,NA,NA,NA,0,NA
52,0,man,coral,class,NA,NA,NA,NA,NA,0,NA
52,0,vhu,coral,class,1,NA,99.91145171,0.989201536,15.01329402,25.77489333,NA
53,1,ana,coral,class,NA,NA,NA,NA,NA,0,NA
53,0,man,coral,class,1,NA,99.80872838,0.996785358,1.001916382,0.821662369,NA
53,0,vhu,coral,class,1,NA,100.0311061,0.985604085,19.99378071,31.02870813,NA
54,1,ana,coral,class,NA,NA,NA,NA,NA,0,NA
54,0,man,coral,class,NA,NA,NA,NA,NA,0,NA
54,0,vhu,coral,class,1,NA,100.0311061,0.985921536,20.99346974,45.83030112,NA
55,1,ana,coral,class,NA,NA,NA,NA,NA,0,NA
55,0,man,coral,class,NA,NA,NA,NA,NA,0,NA
55,0,vhu,coral,class,1,NA,99.91145171,0.984927908,25.02215669,39.47678296,NA
56,1,ana,coral,class,NA,NA,NA,NA,NA,0,NA
56,0,man,coral,class,NA,NA,NA,NA,NA,0,NA
56,0,vhu,coral,class,1,NA,99.91145171,0.984899295,24.02127042,46.32794292,NA
57,1,ana,coral,class,1,NA,99.99391446,0.998070606,1.000060859,1.311180335,NA
57,0,man,coral,class,NA,NA,NA,NA,NA,0,NA
57,0,vhu,coral,class,1,NA,100.0311061,0.989754638,12.99595746,40.63475919,NA
58,1,ana,coral,class,NA,NA,NA,NA,NA,0,NA
58,0,man,coral,class,NA,NA,NA,NA,NA,0,NA
58,0,vhu,coral,class,1,NA,100.0311061,0.987695033,10.99657939,23.84551471,NA
59,1,ana,coral,class,NA,NA,NA,NA,NA,0,NA
59,0,man,coral,class,NA,NA,NA,NA,NA,0,NA
59,0,vhu,coral,class,1,NA,99.91145171,0.990854494,11.00974894,15.20283983,NA
60,1,ana,coral,class,NA,NA,NA,NA,NA,0,NA
60,0,man,coral,class,1,NA,99.94930406,0.998220425,1.000507217,3.067886928,NA
60,0,vhu,coral,class,1,NA,100.0311061,0.988055202,14.99533553,19.99928373,NA
61,1,ana,coral,class,NA,NA,NA,NA,NA,0,NA
61,0,man,coral,class,NA,NA,NA,NA,NA,0,NA
61,0,vhu,coral,class,1,NA,100.0311061,0.988518573,15.99502457,31.342578,NA
62,1,ana,coral,class,NA,NA,NA,NA,NA,0,NA
62,0,man,coral,class,NA,NA,NA,NA,NA,0,NA
62,0,vhu,coral,class,1,NA,99.91145171,0.988386545,16.01418028,34.59873068,NA
63,1,ana,coral,class,1,NA,100.094512,0.994515031,0.999055773,0.675062057,NA
63,0,man,coral,class,NA,NA,NA,NA,NA,0,NA
63,0,vhu,coral,class,1,NA,100.0311061,0.987320554,15.99502457,22.11213936,NA
64,1,ana,coral,class,1,NA,100.094512,0.991311375,2.997167319,2.395309883,NA
64,0,man,coral,class,NA,NA,NA,NA,NA,0,NA
64,0,vhu,coral,class,1,NA,100.0311061,0.985218589,22.99284781,36.3647824,NA
65,1,ana,coral,class,NA,NA,NA,NA,NA,0,NA
65,0,man,coral,class,1,NA,100.0900777,0.998034329,0.999100033,2.873273316,NA
65,0,vhu,coral,class,1,NA,99.91145171,0.984613294,22.01949789,38.73670623,NA
66,1,ana,coral,class,NA,NA,NA,NA,NA,0,NA
66,0,man,coral,class,1,NA,100.0900777,0.994357944,0.999100033,1.367302249,NA
66,0,vhu,coral,class,1,NA,99.91145171,0.986902415,21.01861162,30.53318513,NA
67,1,ana,coral,class,NA,NA,NA,NA,NA,0,NA
67,0,man,coral,class,NA,NA,NA,NA,NA,0,NA
67,0,vhu,coral,class,1,NA,100.0311061,0.989969423,12.99595746,31.11337134,NA
68,1,ana,coral,class,NA,NA,NA,NA,NA,0,NA
68,0,man,coral,class,NA,NA,NA,NA,NA,0,NA
68,0,vhu,coral,class,1,NA,100.0311061,0.987217323,15.99502457,21.95413002,NA
69,1,ana,coral,class,NA,NA,NA,NA,NA,0,NA
69,0,man,coral,class,NA,NA,NA,NA,NA,0,NA
69,0,vhu,coral,class,1,NA,99.91145171,0.989596543,13.01152148,22.67259493,NA
70,1,ana,coral,class,NA,NA,NA,NA,NA,0,NA
70,0,man,coral,class,NA,NA,NA,NA,NA,0,NA
70,0,vhu,coral,class,1,NA,100.0311061,0.990650236,11.99626842,37.57972094,NA
71,1,ana,coral,class,NA,NA,NA,NA,NA,0,NA
71,0,man,coral,class,1,NA,99.94930406,0.992380784,2.001014433,3.124740001,NA
71,0,vhu,coral,class,1,NA,100.0311061,0.988490602,13.99564649,27.88599834,NA
72,1,ana,coral,class,NA,NA,NA,NA,NA,0,NA
72,0,man,coral,class,NA,NA,NA,NA,NA,0,NA
72,0,vhu,coral,class,1,NA,99.91145171,0.988534056,15.01329402,29.06350174,NA
73,1,ana,coral,class,1,NA,99.99391446,0.995422515,1.000060859,1.058560197,NA
73,0,man,coral,class,NA,NA,NA,NA,NA,0,NA
73,0,vhu,coral,class,1,NA,100.0311061,0.986126022,17.99440264,37.44019139,NA
74,1,ana,coral,class,NA,NA,NA,NA,NA,0,NA
74,0,man,coral,class,1,NA,99.94930406,0.99441766,1.000507217,1.49422555,NA
74,0,vhu,coral,class,1,NA,100.0311061,0.985598387,21.99315878,38.2752199,NA
75,1,ana,coral,class,NA,NA,NA,NA,NA,0,NA
75,0,man,coral,class,1,NA,99.94930406,0.985909841,13.00659382,24.33628494,NA
75,0,vhu,coral,class,1,NA,99.91145171,0.98293614,24.02127042,43.48338054,NA
76,1,ana,coral,class,1,NA,99.89351896,0.99829014,2.002131891,1.147386834,NA
76,0,man,coral,class,1,NA,99.94930406,0.989323328,5.002536083,6.207087815,NA
76,0,vhu,coral,class,1,NA,99.91145171,0.985358232,20.01772535,36.63408512,NA
77,1,ana,coral,class,NA,NA,NA,NA,NA,0,NA
77,0,man,coral,class,NA,NA,NA,NA,NA,0,NA
77,0,vhu,coral,class,1,NA,100.0311061,0.989177629,11.99626842,22.70506833,NA
78,1,ana,coral,class,NA,NA,NA,NA,NA,0,NA
78,0,man,coral,class,NA,NA,NA,NA,NA,0,NA
78,0,vhu,coral,class,1,NA,100.0311061,0.987994202,16.9947136,33.42205541,NA
79,1,ana,coral,class,NA,NA,NA,NA,NA,0,NA
79,0,man,coral,class,NA,NA,NA,NA,NA,0,NA
79,0,vhu,coral,class,1,NA,99.91145171,0.990697911,11.00974894,28.69288967,NA
80,1,ana,coral,class,NA,NA,NA,NA,NA,0,NA
80,0,man,coral,class,NA,NA,NA,NA,NA,0,NA
80,0,vhu,coral,class,1,NA,100.0311061,0.990453617,11.99626842,18.60842907,NA
81,1,ana,coral,class,NA,NA,NA,NA,NA,0,NA
81,0,man,coral,class,1,NA,100.0900777,0.989612213,6.993700234,11.23514157,NA
81,0,vhu,coral,class,1,NA,100.0311061,0.988360367,13.99564649,26.30705097,NA
82,1,ana,coral,class,1,NA,99.89351896,0.992255691,3.003197836,0.965693659,NA
82,0,man,coral,class,NA,NA,NA,NA,NA,0,NA
82,0,vhu,coral,class,1,NA,99.91145171,0.9873574,17.01506655,33.51242425,NA
83,1,ana,coral,class,NA,NA,NA,NA,NA,0,NA
83,0,man,coral,class,NA,NA,NA,NA,NA,0,NA
83,0,vhu,coral,class,1,NA,100.0311061,0.986337951,19.99378071,40.87470991,NA
84,1,ana,coral,class,1,NA,99.99391446,0.99770165,1.000060859,1.280170986,NA
84,0,man,coral,class,NA,NA,NA,NA,NA,0,NA
84,0,vhu,coral,class,1,NA,100.0311061,0.984763321,26.99160395,37.00369596,NA
85,1,ana,coral,class,NA,NA,NA,NA,NA,0,NA
85,0,man,coral,class,1,NA,100.0900777,0.987301591,8.991900301,10.72517264,NA
85,0,vhu,coral,class,1,NA,99.91145171,0.98350132,26.02304296,38.11237405,NA
86,1,ana,coral,class,NA,NA,NA,NA,NA,0,NA
86,0,man,coral,class,1,NA,100.0900777,0.993839697,1.998200067,3.210153485,NA
86,0,vhu,coral,class,1,NA,99.91145171,0.985566381,24.02127042,30.64577432,NA
87,1,ana,coral,class,NA,NA,NA,NA,NA,0,NA
87,0,man,coral,class,NA,NA,NA,NA,NA,0,NA
87,0,vhu,coral,class,1,NA,100.0311061,0.987457035,16.9947136,25.96080566,NA
88,1,ana,coral,class,NA,NA,NA,NA,NA,0,NA
88,0,man,coral,class,NA,NA,NA,NA,NA,0,NA
88,0,vhu,coral,class,1,NA,100.0311061,0.987573952,18.99409167,30.59751311,NA
89,1,ana,coral,class,NA,NA,NA,NA,NA,0,NA
89,0,man,coral,class,NA,NA,NA,NA,NA,0,NA
89,0,vhu,coral,class,1,NA,99.91145171,0.988173193,15.01329402,29.14310302,NA
90,1,ana,coral,class,NA,NA,NA,NA,NA,0,NA
90,0,man,coral,class,NA,NA,NA,NA,NA,0,NA
90,0,vhu,coral,class,1,NA,100.0311061,0.994433463,4.998445177,9.095206716,NA
91,1,ana,coral,class,NA,NA,NA,NA,NA,0,NA
91,0,man,coral,class,1,NA,100.0900777,0.993636608,1.998200067,3.171381604,NA
91,0,vhu,coral,class,1,NA,100.0311061,0.986984445,20.99346974,33.22336189,NA
92,1,ana,coral,class,NA,NA,NA,NA,NA,0,NA
92,0,man,coral,class,NA,NA,NA,NA,NA,0,NA
92,0,vhu,coral,class,1,NA,99.91145171,0.988153914,14.01240775,21.53451181,NA
93,1,ana,coral,class,1,NA,100.094512,0.997965594,0.999055773,0.961433674,NA
93,0,man,coral,class,1,NA,99.94930406,0.993247072,2.001014433,1.658841941,NA
93,0,vhu,coral,class,1,NA,100.0311061,0.98720876,18.99409167,26.30748073,NA
94,1,ana,coral,class,NA,NA,NA,NA,NA,0,NA
94,0,man,coral,class,NA,NA,NA,NA,NA,0,NA
94,0,vhu,coral,class,1,NA,100.0311061,0.985702491,19.99378071,24.31037447,NA
95,1,ana,coral,class,NA,NA,NA,NA,NA,0,NA
95,0,man,coral,class,1,NA,100.0900777,0.990708168,1.998200067,1.863226256,NA
95,0,vhu,coral,class,1,NA,99.91145171,0.989432383,16.01418028,24.85940693,NA
96,1,ana,coral,class,NA,NA,NA,NA,NA,0,NA
96,0,man,coral,class,1,NA,100.0900777,0.991928775,0.999100033,1.143177039,NA
96,0,vhu,coral,class,1,NA,99.91145171,0.987514604,19.01683909,39.68460683,NA
97,1,ana,coral,class,NA,NA,NA,NA,NA,0,NA
97,0,man,coral,class,NA,NA,NA,NA,NA,0,NA
97,0,vhu,coral,class,1,NA,100.0311061,0.988271227,21.99315878,31.82090365,NA
98,1,ana,coral,class,NA,NA,NA,NA,NA,0,NA
98,0,man,coral,class,NA,NA,NA,NA,NA,0,NA
98,0,vhu,coral,class,1,NA,100.0311061,0.988369607,18.99409167,34.38572616,NA
99,1,ana,coral,class,NA,NA,NA,NA,NA,0,NA
99,0,man,coral,class,NA,NA,NA,NA,NA,0,NA
99,0,vhu,coral,class,1,NA,99.91145171,0.984636526,18.01595282,15.57173079,NA
100,1,ana,coral,class,1,NA,100.094512,0.993353885,2.997167319,2.459587092,NA
100,0,man,coral,class,NA,NA,NA,NA,NA,0,NA
100,0,vhu,coral,class,1,NA,100.0311061,0.988177363,12.99595746,22.09580838,NA
101,1,ana,coral,class,NA,NA,NA,NA,NA,0,NA
101,0,man,coral,class,1,NA,99.94930406,0.99376873,2.001014433,2.854539332,NA
101,0,vhu,coral,class,1,NA,100.0311061,0.985214737,21.99315878,36.95943042,NA
102,1,ana,coral,class,NA,NA,NA,NA,NA,0,NA
102,0,man,coral,class,1,NA,99.94930406,0.997033682,1.000507217,1.129533884,NA
102,0,vhu,coral,class,1,NA,99.91145171,0.98765879,16.01418028,29.31392305,NA
103,1,ana,coral,class,1,NA,99.99391446,0.997028192,1.000060859,0.433322829,NA
103,0,man,coral,class,1,NA,99.80872838,0.993620263,3.005749145,3.122197977,NA
103,0,vhu,coral,class,1,NA,100.0311061,0.983450641,25.99191492,36.84869495,NA
104,1,ana,coral,class,1,NA,99.99391446,0.996661864,1.000060859,0.817555938,NA
104,0,man,coral,class,1,NA,99.94930406,1,1.000507217,7.92E-04,NA
104,0,vhu,coral,class,1,NA,100.0311061,0.986109978,21.99315878,28.623041,NA
105,1,ana,coral,class,1,NA,99.89351896,0.997583501,1.001065945,1.282974227,NA
105,0,man,coral,class,NA,NA,NA,NA,NA,0,NA
105,0,vhu,coral,class,1,NA,99.91145171,0.986873176,18.01595282,38.38832515,NA
106,1,ana,coral,class,1,NA,99.89351896,0.991245789,2.002131891,1.723203543,NA
106,0,man,coral,class,NA,NA,NA,NA,NA,0,NA
106,0,vhu,coral,class,1,NA,99.91145171,0.988676708,16.01418028,28.70493743,NA
107,1,ana,coral,class,NA,NA,NA,NA,NA,0,NA
107,0,man,coral,class,NA,NA,NA,NA,NA,0,NA
107,0,vhu,coral,class,1,NA,100.0311061,0.989173942,16.9947136,25.01088732,NA
108,1,ana,coral,class,1,NA,99.99391446,0.990321503,3.000182577,1.880459464,NA
108,0,man,coral,class,NA,NA,NA,NA,NA,0,NA
108,0,vhu,coral,class,1,NA,100.0311061,0.988806995,6.997823247,7.279030456,NA
109,1,ana,coral,class,1,NA,99.89351896,0.991220515,3.003197836,2.75229265,NA
109,0,man,coral,class,NA,NA,NA,NA,NA,0,NA
109,0,vhu,coral,class,1,NA,99.91145171,0.989244672,11.00974894,15.2171824,NA
110,1,ana,coral,class,1,NA,99.99391446,0.993405732,1.000060859,0.757355377,NA
110,0,man,coral,class,NA,NA,NA,NA,NA,0,NA
110,0,vhu,coral,class,1,NA,100.0311061,0.987489971,16.9947136,23.97888434,NA
111,1,ana,coral,class,1,NA,99.99391446,0.992866368,4.000243437,4.3743384,NA
111,0,man,coral,class,NA,NA,NA,NA,NA,0,NA
111,0,vhu,coral,class,1,NA,100.0311061,0.985431647,20.99346974,34.92163997,NA
112,1,ana,coral,class,1,NA,99.89351896,0.997507753,1.001065945,2.363123464,NA
112,0,man,coral,class,1,NA,100.0900777,0.987281971,7.992800267,11.49764303,NA
112,0,vhu,coral,class,1,NA,99.91145171,0.987397971,16.01418028,21.48804188,NA
113,1,ana,coral,class,NA,NA,NA,NA,NA,0,NA
113,0,man,coral,class,1,NA,99.94930406,0.987771008,5.002536083,5.373704958,NA
113,0,vhu,coral,class,1,NA,100.0311061,0.987772794,17.99440264,24.58055182,NA
114,1,ana,coral,class,NA,NA,NA,NA,NA,0,NA
114,0,man,coral,class,1,NA,100.0900777,0.997155516,0.999100033,1.427833859,NA
114,0,vhu,coral,class,1,NA,100.0311061,0.987437867,19.99378071,38.00045841,NA
115,1,ana,coral,class,1,NA,99.89351896,0.992930917,3.003197836,3.819196587,NA
115,0,man,coral,class,NA,NA,NA,NA,NA,0,NA
115,0,vhu,coral,class,1,NA,99.91145171,0.988415868,16.01418028,25.34275162,NA
116,1,ana,coral,class,NA,NA,NA,NA,NA,0,NA
116,0,man,coral,class,NA,NA,NA,NA,NA,0,NA
116,0,vhu,coral,class,1,NA,99.91145171,0.990312157,12.01063521,37.71680591,NA
117,1,ana,coral,class,NA,NA,NA,NA,NA,0,NA
117,0,man,coral,class,NA,NA,NA,NA,NA,0,NA
117,0,vhu,coral,class,1,NA,100.0311061,0.985196622,21.99315878,39.69615792,NA
118,1,ana,coral,class,1,NA,99.99391446,0.984651964,2.000121718,0.081917206,NA
118,0,man,coral,class,NA,NA,NA,NA,NA,0,NA
118,0,vhu,coral,class,1,NA,100.0311061,0.991533844,6.997823247,10.61112225,NA
119,1,ana,coral,class,NA,NA,NA,NA,NA,0,NA
119,0,man,coral,class,NA,NA,NA,NA,NA,0,NA
119,0,vhu,coral,class,1,NA,99.91145171,0.990387891,9.007976409,12.11301947,NA
120,1,ana,coral,class,NA,NA,NA,NA,NA,0,NA
120,0,man,coral,class,NA,NA,NA,NA,NA,0,NA
120,0,vhu,coral,class,1,NA,100.0311061,0.988631376,15.99502457,33.52749047,NA
121,1,ana,coral,class,1,NA,100.094512,0.993123052,1.998111546,1.829630078,NA
121,0,man,coral,class,1,NA,99.94930406,0.98431664,15.00760825,14.92304035,NA
121,0,vhu,coral,class,1,NA,100.1509039,0.985166316,22.96534441,39.90794052,NA
122,1,ana,coral,class,1,NA,99.99401546,0.995450683,2.000119698,2.921845408,NA
122,0,man,coral,class,1,NA,99.94930406,0.986956403,6.003043299,5.40302292,NA
122,0,vhu,coral,class,1,NA,100.0311061,0.985271689,21.99315878,41.03343552,NA
123,1,ana,coral,class,NA,NA,NA,NA,NA,0,NA
123,0,man,coral,class,1,NA,99.80872838,0.991956928,3.005749145,4.89367189,NA
123,0,vhu,coral,class,1,NA,100.1509039,0.988004261,18.97137147,29.06026075,NA
124,1,ana,coral,class,NA,NA,NA,NA,NA,0,NA
124,0,man,coral,class,1,NA,99.94930406,0.995089544,3.00152165,4.41908837,NA
124,0,vhu,coral,class,1,NA,100.1509039,0.988682747,16.974385,34.67525927,NA
125,1,ana,coral,class,1,NA,99.99401546,0.9619812,1.000059849,0.018686397,NA
125,0,man,coral,class,NA,NA,NA,NA,NA,0,NA
125,0,vhu,coral,class,1,NA,100.0311061,0.989151689,12.99595746,20.80609117,NA
126,1,ana,coral,class,1,NA,99.99401546,0.995417282,2.000119698,1.832276963,NA
126,0,man,coral,class,1,NA,99.94930406,0.994320477,3.00152165,1.722034033,NA
126,0,vhu,coral,class,1,NA,100.0311061,0.988352763,14.99533553,27.34191903,NA
127,1,ana,coral,class,1,NA,100.094512,0.994717757,1.998111546,1.793303869,NA
127,0,man,coral,class,NA,NA,NA,NA,NA,0,NA
127,0,vhu,coral,class,1,NA,100.1509039,0.987937849,17.97287823,32.99890112,NA
128,1,ana,coral,class,NA,NA,NA,NA,NA,0,NA
128,0,man,coral,class,NA,NA,NA,NA,NA,0,NA
128,0,vhu,coral,class,1,NA,100.1509039,0.988107892,13.97890529,24.36642934,NA
129,1,ana,coral,class,1,NA,99.99401546,0.997756193,1.000059849,1.218757102,NA
129,0,man,coral,class,NA,NA,NA,NA,NA,0,NA
129,0,vhu,coral,class,1,NA,100.0311061,0.990489738,10.99657939,30.33865284,NA
130,1,ana,coral,class,1,NA,100.094512,0.985655815,0.999055773,0.101814292,NA
130,0,man,coral,class,NA,NA,NA,NA,NA,0,NA
130,0,vhu,coral,class,1,NA,100.1509039,0.990059509,13.97890529,25.56775257,NA
131,1,ana,coral,class,1,NA,99.99391446,0.995978493,1.000060859,1.038156651,NA
131,0,man,coral,class,1,NA,100.0900777,0.98231296,23.9784008,26.48198591,NA
131,0,vhu,coral,class,1,NA,100.0311061,0.989869463,15.99502457,29.58642524,NA
132,1,ana,coral,class,1,NA,99.89351896,0.992133269,1.001065945,0.426074032,NA
132,0,man,coral,class,1,NA,100.0900777,0.983233925,19.98200067,24.04529189,NA
132,0,vhu,coral,class,1,NA,99.91145171,0.986229798,20.01772535,32.43242856,NA
133,1,ana,coral,class,NA,NA,NA,NA,NA,0,NA
133,0,man,coral,class,1,NA,99.94930406,0.984984373,13.00659382,9.783086706,NA
133,0,vhu,coral,class,1,NA,100.0311061,0.986064295,20.99346974,27.6817179,NA
134,1,ana,coral,class,NA,NA,NA,NA,NA,0,NA
134,0,man,coral,class,1,NA,100.0900777,0.98657732,8.991900301,9.196452769,NA
134,0,vhu,coral,class,1,NA,100.0311061,0.990631281,9.996890353,24.9449904,NA
135,1,ana,coral,class,NA,NA,NA,NA,NA,0,NA
135,0,man,coral,class,1,NA,100.0900777,0.988990492,1.998200067,0.874147662,NA
135,0,vhu,coral,class,1,NA,99.91145171,0.985119484,21.01861162,39.96156191,NA
136,1,ana,coral,class,1,NA,99.89351896,0.991987369,2.002131891,0.797650223,NA
136,0,man,coral,class,1,NA,100.0900777,0.98999275,4.995500167,8.427147438,NA
136,0,vhu,coral,class,1,NA,99.91145171,0.987354232,19.01683909,32.76431568,NA
137,1,ana,coral,class,1,NA,99.99391446,0.992333369,2.000121718,0.812707571,NA
137,0,man,coral,class,1,NA,100.0900777,0.998182288,0.999100033,2.304948756,NA
137,0,vhu,coral,class,1,NA,100.0311061,0.990066258,7.997512283,12.47356961,NA
138,1,ana,coral,class,NA,NA,NA,NA,NA,0,NA
138,0,man,coral,class,NA,NA,NA,NA,NA,0,NA
138,0,vhu,coral,class,1,NA,100.0311061,0.988877802,11.99626842,18.09629545,NA
139,1,ana,coral,class,NA,NA,NA,NA,NA,0,NA
139,0,man,coral,class,NA,NA,NA,NA,NA,0,NA
139,0,vhu,coral,class,1,NA,99.91145171,0.987873648,15.01329402,26.8692316,NA
140,1,ana,coral,class,1,NA,99.99391446,0.994836907,1.000060859,0.56837006,NA
140,0,man,coral,class,NA,NA,NA,NA,NA,0,NA
140,0,vhu,coral,class,1,NA,100.0311061,0.986021526,20.99346974,36.12082056,NA
141,1,ana,coral,class,NA,NA,NA,NA,NA,0,NA
141,0,man,coral,class,1,NA,99.94930406,0.993542671,2.001014433,2.459539233,NA
141,0,vhu,coral,class,1,NA,100.0311061,0.989895538,14.99533553,37.2788872,NA
142,1,ana,coral,class,1,NA,99.89351896,0.992279275,1.001065945,0.27451139,NA
142,0,man,coral,class,1,NA,99.94930406,0.984960293,16.00811547,14.3376716,NA
142,0,vhu,coral,class,1,NA,99.91145171,0.986730803,21.01861162,35.05482448,NA
143,1,ana,coral,class,1,NA,99.99391446,0.995851659,2.000121718,2.526504408,NA
143,0,man,coral,class,1,NA,99.80872838,0.98384862,11.0210802,9.60960127,NA
143,0,vhu,coral,class,1,NA,100.0311061,0.986499457,20.99346974,36.60000573,NA
144,1,ana,coral,class,1,NA,99.99391446,0.996049831,2.000121718,0.456352573,NA
144,0,man,coral,class,1,NA,99.94930406,0.990647503,3.00152165,5.5260395,NA
144,0,vhu,coral,class,1,NA,100.0311061,0.988225608,14.99533553,37.22975102,NA
145,1,ana,coral,class,1,NA,99.89351896,0.992445807,3.003197836,2.755730362,NA
145,0,man,coral,class,1,NA,99.94930406,0.993614383,2.001014433,3.015193835,NA
145,0,vhu,coral,class,1,NA,99.91145171,0.983889912,22.01949789,44.1382624,NA
146,1,ana,coral,class,NA,NA,NA,NA,NA,0,NA
146,0,man,coral,class,1,NA,99.94930406,0.985944876,8.004057733,8.259741289,NA
146,0,vhu,coral,class,1,NA,99.91145171,0.991191169,7.006203874,9.339022554,NA
147,1,ana,coral,class,1,NA,99.99391446,0.997758309,1.000060859,0.711901934,NA
147,0,man,coral,class,1,NA,99.94930406,0.992150367,3.00152165,2.909213367,NA
147,0,vhu,coral,class,1,NA,100.0311061,0.989889933,12.99595746,35.58676905,NA
148,1,ana,coral,class,NA,NA,NA,NA,NA,0,NA
148,0,man,coral,class,1,NA,99.80872838,0.992497214,3.005749145,4.559611188,NA
148,0,vhu,coral,class,1,NA,100.0311061,0.986644535,18.99409167,27.45208148,NA
149,1,ana,coral,class,NA,NA,NA,NA,NA,0,NA
149,0,man,coral,class,NA,NA,NA,NA,NA,0,NA
149,0,vhu,coral,class,1,NA,99.91145171,0.990587886,11.00974894,15.90275736,NA
150,1,ana,coral,class,NA,NA,NA,NA,NA,0,NA
150,0,man,coral,class,NA,NA,NA,NA,NA,0,NA
150,0,vhu,coral,class,1,NA,100.0311061,0.982341498,25.99191492,47.17760651,NA
151,1,ana,coral,class,NA,NA,NA,NA,NA,0,NA
151,0,man,coral,class,1,NA,100.0900777,0.992814959,2.9973001,4.787536027,NA
151,0,vhu,coral,class,1,NA,100.0311061,0.989047139,14.99533553,24.51666046,NA
152,1,ana,coral,class,NA,NA,NA,NA,NA,0,NA
152,0,man,coral,class,1,NA,100.0900777,0.993748554,1.998200067,1.216764487,NA
152,0,vhu,coral,class,1,NA,99.91145171,0.99051789,10.00886268,19.61260712,NA
153,1,ana,coral,class,NA,NA,NA,NA,NA,0,NA
153,0,man,coral,class,1,NA,99.94930406,0.987058286,4.002028866,4.333313524,NA
153,0,vhu,coral,class,1,NA,100.0311061,0.988257422,17.99440264,28.03383663,NA
154,1,ana,coral,class,NA,NA,NA,NA,NA,0,NA
154,0,man,coral,class,1,NA,100.0900777,0.992210161,1.998200067,2.015544359,NA
154,0,vhu,coral,class,1,NA,100.0311061,0.98846185,15.99502457,24.37254677,NA
155,1,ana,coral,class,NA,NA,NA,NA,NA,0,NA
155,0,man,coral,class,1,NA,100.0900777,0.993227515,2.9973001,3.476017811,NA
155,0,vhu,coral,class,1,NA,99.91145171,0.987016448,21.01861162,28.99336656,NA
156,1,ana,coral,class,NA,NA,NA,NA,NA,0,NA
156,0,man,coral,class,1,NA,100.0900777,0.991801311,2.9973001,2.394954908,NA
156,0,vhu,coral,class,1,NA,99.91145171,0.98896052,16.01418028,31.48954785,NA
157,1,ana,coral,class,NA,NA,NA,NA,NA,0,NA
157,0,man,coral,class,1,NA,100.0900777,0.988277275,4.995500167,5.735271136,NA
157,0,vhu,coral,class,1,NA,100.0311061,0.988570153,13.99564649,24.52969659,NA
158,1,ana,coral,class,NA,NA,NA,NA,NA,0,NA
158,0,man,coral,class,NA,NA,NA,NA,NA,0,NA
158,0,vhu,coral,class,1,NA,100.0311061,0.989583819,12.99595746,22.39506633,NA
159,1,ana,coral,class,NA,NA,NA,NA,NA,0,NA
159,0,man,coral,class,NA,NA,NA,NA,NA,0,NA
159,0,vhu,coral,class,1,NA,99.91145171,0.987095198,16.01418028,31.90089283,NA
160,1,ana,coral,class,NA,NA,NA,NA,NA,0,NA
160,0,man,coral,class,NA,NA,NA,NA,NA,0,NA
160,0,vhu,coral,class,1,NA,100.0311061,0.987348307,15.99502457,26.23198579,NA
161,1,ana,coral,class,1,NA,99.99391446,0.996427175,2.000121718,3.841826057,NA
161,0,man,coral,class,NA,NA,NA,NA,NA,0,NA
161,0,vhu,coral,class,1,NA,100.0311061,0.986400532,16.9947136,41.11050626,NA
162,1,ana,coral,class,1,NA,99.89351896,0.99482893,2.002131891,1.480945977,NA
162,0,man,coral,class,1,NA,100.0900777,0.993304626,1.998200067,3.421816304,NA
162,0,vhu,coral,class,1,NA,99.91145171,0.987300984,10.00886268,11.12080032,NA
163,1,ana,coral,class,NA,NA,NA,NA,NA,0,NA
163,0,man,coral,class,1,NA,99.94930406,0.987598816,4.002028866,3.176244528,NA
163,0,vhu,coral,class,1,NA,100.0311061,0.990139267,9.996890353,15.84305074,NA
164,1,ana,coral,class,NA,NA,NA,NA,NA,0,NA
164,0,man,coral,class,1,NA,100.0900777,0.986136078,6.993700234,5.226291292,NA
164,0,vhu,coral,class,1,NA,100.0311061,0.989126845,14.99533553,23.63364181,NA
165,1,ana,coral,class,NA,NA,NA,NA,NA,0,NA
165,0,man,coral,class,1,NA,100.0900777,0.988917945,3.996400134,3.273454515,NA
165,0,vhu,coral,class,1,NA,99.91145171,0.984983707,26.02304296,29.94427911,NA
166,1,ana,coral,class,NA,NA,NA,NA,NA,0,NA
166,0,man,coral,class,1,NA,100.0900777,0.991179307,5.994600201,9.538476146,NA
166,0,vhu,coral,class,1,NA,99.91145171,0.983239561,25.02215669,41.05948582,NA
167,1,ana,coral,class,NA,NA,NA,NA,NA,0,NA
167,0,man,coral,class,1,NA,100.0900777,0.985460535,12.98830043,19.9592104,NA
167,0,vhu,coral,class,1,NA,100.0311061,0.986035787,19.99378071,35.82084635,NA
168,1,ana,coral,class,NA,NA,NA,NA,NA,0,NA
168,0,man,coral,class,1,NA,99.94930406,0.970118015,3.00152165,0.668964561,NA
168,0,vhu,coral,class,1,NA,100.0311061,0.985695759,18.99409167,31.74626823,NA
169,1,ana,coral,class,NA,NA,NA,NA,NA,0,NA
169,0,man,coral,class,NA,NA,NA,NA,NA,0,NA
169,0,vhu,coral,class,1,NA,99.91145171,0.987853584,19.01683909,29.88059809,NA
170,1,ana,coral,class,NA,NA,NA,NA,NA,0,NA
170,0,man,coral,class,NA,NA,NA,NA,NA,0,NA
170,0,vhu,coral,class,1,NA,100.0311061,0.990480543,9.996890353,16.4250924,NA
171,1,ana,coral,class,1,NA,99.99391446,0.997906917,1.000060859,1.48178226,NA
171,0,man,coral,class,1,NA,99.94930406,0.986974373,9.004564949,7.386739565,NA
171,0,vhu,coral,class,1,NA,100.0311061,0.990198249,4.998445177,5.577314271,NA
172,1,ana,coral,class,1,NA,99.89351896,0.99024678,2.002131891,1.090057936,NA
172,0,man,coral,class,1,NA,99.94930406,0.990959574,5.002536083,8.799350251,NA
172,0,vhu,coral,class,1,NA,99.91145171,0.989953372,15.01329402,20.68026821,NA
173,1,ana,coral,class,1,NA,99.99391446,0.66666229,1.000060859,0.001313099,NA
173,0,man,coral,class,NA,NA,NA,NA,NA,0,NA
173,0,vhu,coral,class,1,NA,100.0311061,0.989526179,13.99564649,18.6677363,NA
174,1,ana,coral,class,1,NA,99.99391446,0.997249089,1.000060859,1.674807883,NA
174,0,man,coral,class,1,NA,99.94930406,0.988028084,4.002028866,3.847982409,NA
174,0,vhu,coral,class,1,NA,100.0311061,0.989085045,13.99564649,22.17330888,NA
175,1,ana,coral,class,1,NA,99.89351896,0.995518788,1.001065945,0.425770705,NA
175,0,man,coral,class,1,NA,99.94930406,0.991061824,2.001014433,1.147362374,NA
175,0,vhu,coral,class,1,NA,99.91145171,0.987955124,20.01772535,31.6387106,NA
176,1,ana,coral,class,NA,NA,NA,NA,NA,0,NA
176,0,man,coral,class,1,NA,99.94930406,0.985093825,15.00760825,17.10861512,NA
176,0,vhu,coral,class,1,NA,99.91145171,0.986468235,21.01861162,35.42672738,NA
177,1,ana,coral,class,NA,NA,NA,NA,NA,0,NA
177,0,man,coral,class,1,NA,99.94930406,0.991644666,4.002028866,8.558467542,NA
177,0,vhu,coral,class,1,NA,100.0311061,0.985711713,22.99284781,34.68555712,NA
178,1,ana,coral,class,NA,NA,NA,NA,NA,0,NA
178,0,man,coral,class,1,NA,99.80872838,0.998160606,1.001916382,3.027375521,NA
178,0,vhu,coral,class,1,NA,100.0311061,0.989102649,15.99502457,27.13233819,NA
179,1,ana,coral,class,1,NA,99.89351896,0.998499342,1.001065945,1.308655956,NA
179,0,man,coral,class,NA,NA,NA,NA,NA,0,NA
179,0,vhu,coral,class,1,NA,99.91145171,0.990517272,9.007976409,11.64745957,NA
180,1,ana,coral,class,NA,NA,NA,NA,NA,0,NA
180,0,man,coral,class,NA,NA,NA,NA,NA,0,NA
180,0,vhu,coral,class,1,NA,100.0311061,0.989424378,12.99595746,27.14121995,NA
181,1,ana,coral,class,NA,NA,NA,NA,NA,0,NA
181,0,man,coral,class,1,NA,100.0900777,0.985487292,7.992800267,6.250778899,NA
181,0,vhu,coral,class,1,NA,100.0311061,0.990360753,8.997201318,16.17239206,NA
182,1,ana,coral,class,NA,NA,NA,NA,NA,0,NA
182,0,man,coral,class,1,NA,100.0900777,0.986158046,8.991900301,9.150559522,NA
182,0,vhu,coral,class,1,NA,99.91145171,0.985455973,20.01772535,35.20570834,NA
183,1,ana,coral,class,NA,NA,NA,NA,NA,0,NA
183,0,man,coral,class,NA,NA,NA,NA,NA,0,NA
183,0,vhu,coral,class,1,NA,100.0311061,0.988768491,16.9947136,26.32323869,NA
184,1,ana,coral,class,NA,NA,NA,NA,NA,0,NA
184,0,man,coral,class,1,NA,100.0900777,0.987503331,1.998200067,1.577778173,NA
184,0,vhu,coral,class,1,NA,100.0311061,0.988249739,15.99502457,26.29573389,NA
185,1,ana,coral,class,NA,NA,NA,NA,NA,0,NA
185,0,man,coral,class,NA,NA,NA,NA,NA,0,NA
185,0,vhu,coral,class,1,NA,99.91145171,0.987060035,20.01772535,37.19746136,NA
186,1,ana,coral,class,1,NA,99.99401546,0.995219799,2.000119698,2.900532815,NA
186,0,man,coral,class,1,NA,100.0900777,0.990805574,3.996400134,5.32757294,NA
186,0,vhu,coral,class,1,NA,99.91145171,0.985587541,25.02215669,38.50708165,NA
187,1,ana,coral,class,NA,NA,NA,NA,NA,0,NA
187,0,man,coral,class,1,NA,100.0900777,0.988837454,4.995500167,7.229966708,NA
187,0,vhu,coral,class,1,NA,100.0311061,0.98638594,19.99378071,33.41260064,NA
188,1,ana,coral,class,NA,NA,NA,NA,NA,0,NA
188,0,man,coral,class,1,NA,99.94930406,0.994531502,2.001014433,0.519997623,NA
188,0,vhu,coral,class,1,NA,100.0311061,0.986917319,11.99626842,10.31917027,NA
189,1,ana,coral,class,1,NA,99.99401546,0.994776074,2.000119698,3.328602813,NA
189,0,man,coral,class,NA,NA,NA,NA,NA,0,NA
189,0,vhu,coral,class,1,NA,99.91145171,0.987374571,17.01506655,21.06751766,NA
190,1,ana,coral,class,NA,NA,NA,NA,NA,0,NA
190,0,man,coral,class,NA,NA,NA,NA,NA,0,NA
190,0,vhu,coral,class,1,NA,100.0311061,0.989379982,13.99564649,30.13838352,NA
191,1,ana,coral,class,1,NA,99.99391446,0.994927141,1.000060859,0.173733162,NA
191,0,man,coral,class,1,NA,99.94930406,0.989189002,5.002536083,5.573384045,NA
191,0,vhu,coral,class,1,NA,100.0311061,0.989664707,11.99626842,22.47786723,NA
192,1,ana,coral,class,1,NA,99.89351896,0.995697557,3.003197836,4.863755397,NA
192,0,man,coral,class,1,NA,99.94930406,0.988228687,7.003550516,11.35219191,NA
192,0,vhu,coral,class,1,NA,99.91145171,0.987405572,18.01595282,32.47344831,NA
193,1,ana,coral,class,1,NA,99.99391446,0.996529862,1.000060859,0.845939088,NA
193,0,man,coral,class,1,NA,99.80872838,0.997892444,1.001916382,1.157905178,NA
193,0,vhu,coral,class,1,NA,100.0311061,0.988007777,15.99502457,26.86588545,NA
194,1,ana,coral,class,NA,NA,NA,NA,NA,0,NA
194,0,man,coral,class,1,NA,99.94930406,0.997040414,1.000507217,0.548919395,NA
194,0,vhu,coral,class,1,NA,100.0311061,0.987114745,18.99409167,20.21788958,NA
195,1,ana,coral,class,NA,NA,NA,NA,NA,0,NA
195,0,man,coral,class,1,NA,99.94930406,0.987075315,3.00152165,3.166934094,NA
195,0,vhu,coral,class,1,NA,99.91145171,0.986846623,20.01772535,27.70052709,NA
196,1,ana,coral,class,1,NA,99.89351896,0.99572058,1.001065945,0.553977129,NA
196,0,man,coral,class,1,NA,99.94930406,0.989033443,4.002028866,5.044274083,NA
196,0,vhu,coral,class,1,NA,99.91145171,0.985246339,23.02038416,35.07103159,NA
197,1,ana,coral,class,1,NA,99.99391446,0.997319129,2.000121718,0.980279266,NA
197,0,man,coral,class,1,NA,99.94930406,0.996544553,1.000507217,2.12931598,NA
197,0,vhu,coral,class,1,NA,100.0311061,0.984936978,26.99160395,31.58997794,NA
198,1,ana,coral,class,1,NA,99.99391446,0.998101932,2.000121718,3.636376492,NA
198,0,man,coral,class,NA,NA,NA,NA,NA,0,NA
198,0,vhu,coral,class,1,NA,100.0311061,0.985781457,23.99253685,30.54207375,NA
199,1,ana,coral,class,NA,NA,NA,NA,NA,0,NA
199,0,man,coral,class,NA,NA,NA,NA,NA,0,NA
199,0,vhu,coral,class,1,NA,99.91145171,0.984006238,23.02038416,37.50138047,NA
200,1,ana,coral,class,NA,NA,NA,NA,NA,0,NA
200,0,man,coral,class,NA,NA,NA,NA,NA,0,NA
200,0,vhu,coral,class,1,NA,100.0311061,0.986836236,18.99409167,25.3546973,NA
201,1,ana,coral,class,1,NA,100.094512,0.996400651,0.999055773,0.571532361,NA
201,0,man,coral,class,1,NA,100.0900777,0.988345753,7.992800267,12.24439736,NA
201,0,vhu,coral,class,1,NA,100.0311061,0.988982471,13.99564649,29.8846804,NA
202,1,ana,coral,class,1,NA,99.99401546,0.998969065,1.000059849,1.049973486,NA
202,0,man,coral,class,1,NA,100.0900777,0.983720872,8.991900301,6.952035623,NA
202,0,vhu,coral,class,1,NA,99.91145171,0.988817453,15.01329402,23.01538241,NA
203,1,ana,coral,class,NA,NA,NA,NA,NA,0,NA
203,0,man,coral,class,1,NA,99.94930406,0.997623411,1.000507217,0.172936352,NA
203,0,vhu,coral,class,1,NA,100.0311061,0.986691158,18.99409167,25.39581125,NA
204,1,ana,coral,class,1,NA,100.094512,0.997020034,0.999055773,0.655788985,NA
204,0,man,coral,class,1,NA,100.0900777,0.988038515,4.995500167,7.240648756,NA
204,0,vhu,coral,class,1,NA,100.0311061,0.988191992,17.99440264,24.06326104,NA
205,1,ana,coral,class,NA,NA,NA,NA,NA,0,NA
205,0,man,coral,class,1,NA,100.0900777,0.997597494,0.999100033,1.522389772,NA
205,0,vhu,coral,class,1,NA,99.91145171,0.985844271,22.01949789,40.29560042,NA
206,1,ana,coral,class,NA,NA,NA,NA,NA,0,NA
206,0,man,coral,class,1,NA,100.0900777,0.989345259,5.994600201,9.203376319,NA
206,0,vhu,coral,class,1,NA,99.91145171,0.98525358,26.02304296,35.37925347,NA
207,1,ana,coral,class,1,NA,100.094512,0.997998544,1.998111546,1.83689532,NA
207,0,man,coral,class,1,NA,100.0900777,0.99473598,0.999100033,0.731324713,NA
207,0,vhu,coral,class,1,NA,100.0311061,0.984338535,23.99253685,40.84090193,NA
208,1,ana,coral,class,1,NA,100.094512,0.992551275,2.997167319,3.33262699,NA
208,0,man,coral,class,NA,NA,NA,NA,NA,0,NA
208,0,vhu,coral,class,1,NA,100.0311061,0.986475628,19.99378071,34.09391743,NA
209,1,ana,coral,class,1,NA,99.99401546,0.995296799,1.000059849,0.405343299,NA
209,0,man,coral,class,NA,NA,NA,NA,NA,0,NA
209,0,vhu,coral,class,1,NA,99.91145171,0.988849072,16.01418028,27.21474416,NA
210,1,ana,coral,class,1,NA,100.094512,0.994291058,0.999055773,0.244192852,NA
210,0,man,coral,class,1,NA,100.0900777,0.997623638,0.999100033,5.260315595,NA
210,0,vhu,coral,class,1,NA,100.0311061,0.985828169,20.99346974,40.29338452,NA
211,1,ana,coral,class,NA,NA,NA,NA,NA,0,NA
211,0,man,coral,class,NA,NA,NA,NA,NA,0,NA
211,0,vhu,coral,class,1,NA,100.0311061,0.990525466,12.99595746,30.52259118,NA
212,1,ana,coral,class,NA,NA,NA,NA,NA,0,NA
212,0,man,coral,class,1,NA,99.94930406,0.987761625,8.004057733,8.584615994,NA
212,0,vhu,coral,class,1,NA,99.91145171,0.988175658,16.01418028,30.36738499,NA
213,1,ana,coral,class,1,NA,99.99391446,0.997401376,1.000060859,0.713215033,NA
213,0,man,coral,class,1,NA,99.80872838,0.988429376,3.005749145,3.712953779,NA
213,0,vhu,coral,class,1,NA,100.0311061,0.987450208,18.99409167,32.39277426,NA
214,1,ana,coral,class,NA,NA,NA,NA,NA,0,NA
214,0,man,coral,class,1,NA,99.94930406,0.987448577,6.003043299,4.981280086,NA
214,0,vhu,coral,class,1,NA,100.0311061,0.988381449,15.99502457,22.41741398,NA
215,1,ana,coral,class,NA,NA,NA,NA,NA,0,NA
215,0,man,coral,class,1,NA,99.94930406,0.998294348,1.000507217,0.535845169,NA
215,0,vhu,coral,class,1,NA,99.91145171,0.988404469,15.01329402,17.69328409,NA
216,1,ana,coral,class,NA,NA,NA,NA,NA,0,NA
216,0,man,coral,class,1,NA,99.94930406,0.994815176,1.000507217,0.860917969,NA
216,0,vhu,coral,class,1,NA,99.91145171,0.988137616,15.01329402,26.17634193,NA
217,1,ana,coral,class,1,NA,99.99391446,0.99849231,2.000121718,1.856823673,NA
217,0,man,coral,class,NA,NA,NA,NA,NA,0,NA
217,0,vhu,coral,class,1,NA,100.0311061,0.98585912,19.99378071,31.12296937,NA
218,1,ana,coral,class,NA,NA,NA,NA,NA,0,NA
218,0,man,coral,class,NA,NA,NA,NA,NA,0,NA
218,0,vhu,coral,class,1,NA,100.0311061,0.986948149,17.99440264,25.03925164,NA
219,1,ana,coral,class,1,NA,99.89351896,0.996796743,1.001065945,0.852956938,NA
219,0,man,coral,class,NA,NA,NA,NA,NA,0,NA
219,0,vhu,coral,class,1,NA,99.91145171,0.98999828,12.01063521,17.16146151,NA
220,1,ana,coral,class,1,NA,99.99391446,1,1.000060859,4.04E-04,NA
220,0,man,coral,class,NA,NA,NA,NA,NA,0,NA
220,0,vhu,coral,class,1,NA,100.0311061,0.988108533,14.99533553,23.59983383,NA
221,1,ana,coral,class,NA,NA,NA,NA,NA,0,NA
221,0,man,coral,class,1,NA,100.0900777,0.994616226,1.998200067,4.553322216,NA
221,0,vhu,coral,class,1,NA,100.0311061,0.990384012,8.997201318,14.00825144,NA
222,1,ana,coral,class,1,NA,99.89351896,0.997443908,1.001065945,0.484009585,NA
222,0,man,coral,class,1,NA,100.0900777,0.991357077,2.9973001,3.711418517,NA
222,0,vhu,coral,class,1,NA,99.91145171,0.987039407,19.01683909,29.06694396,NA
223,1,ana,coral,class,1,NA,99.99391446,0.992154594,4.000243437,3.107096394,NA
223,0,man,coral,class,1,NA,99.94930406,0.990763944,4.002028866,4.950575464,NA
223,0,vhu,coral,class,1,NA,100.0311061,0.985943044,20.99346974,32.46755293,NA
224,1,ana,coral,class,NA,NA,NA,NA,NA,0,NA
224,0,man,coral,class,1,NA,100.0900777,0.989904624,2.9973001,2.266770322,NA
224,0,vhu,coral,class,1,NA,100.0311061,0.987500627,18.99409167,30.92986276,NA
225,1,ana,coral,class,NA,NA,NA,NA,NA,0,NA
225,0,man,coral,class,1,NA,100.0900777,0.996870327,0.999100033,0.518474999,NA
225,0,vhu,coral,class,1,NA,99.91145171,0.989007038,16.01418028,25.00885654,NA
226,1,ana,coral,class,NA,NA,NA,NA,NA,0,NA
226,0,man,coral,class,1,NA,100.0900777,0.995627985,0.999100033,1.910702028,NA
226,0,vhu,coral,class,1,NA,99.91145171,0.98936412,12.01063521,16.92538277,NA
227,1,ana,coral,class,NA,NA,NA,NA,NA,0,NA
227,0,man,coral,class,NA,NA,NA,NA,NA,0,NA
227,0,vhu,coral,class,1,NA,100.0311061,0.98881468,14.99533553,28.70928,NA
228,1,ana,coral,class,1,NA,99.99391446,0.995402405,2.000121718,0.750284842,NA
228,0,man,coral,class,NA,NA,NA,NA,NA,0,NA
228,0,vhu,coral,class,1,NA,100.0311061,0.9901218,13.99564649,25.53319199,NA
229,1,ana,coral,class,1,NA,99.89351896,0.995201608,2.002131891,1.390149945,NA
229,0,man,coral,class,NA,NA,NA,NA,NA,0,NA
229,0,vhu,coral,class,1,NA,99.91145171,0.985946322,23.02038416,33.55086235,NA
230,1,ana,coral,class,NA,NA,NA,NA,NA,0,NA
230,0,man,coral,class,NA,NA,NA,NA,NA,0,NA
230,0,vhu,coral,class,1,NA,100.0311061,0.98726118,17.99440264,28.09830101,NA
231,1,ana,coral,class,1,NA,100.094512,0.995645166,1.998111546,4.255918145,NA
231,0,man,coral,class,NA,NA,NA,NA,NA,0,NA
231,0,vhu,coral,class,1,NA,100.0311061,0.985824497,21.99315878,30.94519096,NA
232,1,ana,coral,class,1,NA,99.99401546,0.998408903,1.000059849,0.776647054,NA
232,0,man,coral,class,1,NA,99.94930406,0.993375561,2.001014433,2.649313603,NA
232,0,vhu,coral,class,1,NA,99.91145171,0.986596402,23.02038416,28.90028327,NA
233,1,ana,coral,class,NA,NA,NA,NA,NA,0,NA
233,0,man,coral,class,1,NA,99.80872838,0.996678634,1.001916382,2.219996033,NA
233,0,vhu,coral,class,1,NA,100.0311061,0.985362752,20.99346974,29.40864682,NA
234,1,ana,coral,class,NA,NA,NA,NA,NA,0,NA
234,0,man,coral,class,NA,NA,NA,NA,NA,0,NA
234,0,vhu,coral,class,1,NA,100.0311061,0.984651203,22.99284781,41.59098072,NA
235,1,ana,coral,class,NA,NA,NA,NA,NA,0,NA
235,0,man,coral,class,NA,NA,NA,NA,NA,0,NA
235,0,vhu,coral,class,1,NA,99.91145171,0.985810485,23.02038416,35.42142063,NA
236,1,ana,coral,class,NA,NA,NA,NA,NA,0,NA
236,0,man,coral,class,1,NA,99.94930406,0.983221919,1.000507217,0.237713199,NA
236,0,vhu,coral,class,1,NA,99.91145171,0.988317779,16.01418028,19.02499193,NA
237,1,ana,coral,class,NA,NA,NA,NA,NA,0,NA
237,0,man,coral,class,NA,NA,NA,NA,NA,0,NA
237,0,vhu,coral,class,1,NA,100.0311061,0.988725222,15.99502457,24.66707733,NA
238,1,ana,coral,class,1,NA,100.094512,0.998400116,0.999055773,0.932877238,NA
238,0,man,coral,class,NA,NA,NA,NA,NA,0,NA
238,0,vhu,coral,class,1,NA,100.0311061,0.988021803,13.99564649,20.51800705,NA
239,1,ana,coral,class,NA,NA,NA,NA,NA,0,NA
239,0,man,coral,class,NA,NA,NA,NA,NA,0,NA
239,0,vhu,coral,class,1,NA,99.91145171,0.98698333,20.01772535,32.07185629,NA
240,1,ana,coral,class,1,NA,100.094512,0.99798759,0.999055773,2.563419507,NA
240,0,man,coral,class,NA,NA,NA,NA,NA,0,NA
240,0,vhu,coral,class,1,NA,100.0311061,0.986156392,19.99378071,21.34100221,NA
241,1,ana,coral,class,NA,NA,NA,NA,NA,0,NA
241,0,man,coral,class,1,NA,100.0900777,0.987233966,6.993700234,8.192537995,NA
241,0,vhu,coral,class,1,NA,100.0311061,0.985401583,20.99346974,26.90556686,NA
242,1,ana,coral,class,1,NA,99.89351896,0.99461919,2.002131891,2.521965967,NA
242,0,man,coral,class,1,NA,100.0900777,0.986594215,8.991900301,8.53515482,NA
242,0,vhu,coral,class,1,NA,99.91145171,0.986373705,23.02038416,26.2843415,NA
243,1,ana,coral,class,1,NA,99.99391446,0.997505521,1.000060859,1.366532529,NA
243,0,man,coral,class,1,NA,99.94930406,0.990124566,3.00152165,4.57043244,NA
243,0,vhu,coral,class,1,NA,100.0311061,0.987013995,19.99378071,25.37546916,NA
244,1,ana,coral,class,NA,NA,NA,NA,NA,0,NA
244,0,man,coral,class,NA,NA,NA,NA,NA,0,NA
244,0,vhu,coral,class,1,NA,100.0311061,0.986727563,15.99502457,26.308197,NA
245,1,ana,coral,class,NA,NA,NA,NA,NA,0,NA
245,0,man,coral,class,NA,NA,NA,NA,NA,0,NA
245,0,vhu,coral,class,1,NA,99.91145171,0.98673839,21.01861162,36.58775861,NA
246,1,ana,coral,class,NA,NA,NA,NA,NA,0,NA
246,0,man,coral,class,NA,NA,NA,NA,NA,0,NA
246,0,vhu,coral,class,1,NA,99.91145171,0.986686289,21.01861162,32.45408584,NA
247,1,ana,coral,class,1,NA,99.99391446,0.995144369,2.000121718,3.142752095,NA
247,0,man,coral,class,NA,NA,NA,NA,NA,0,NA
247,0,vhu,coral,class,1,NA,100.0311061,0.98428159,27.99129299,33.98160617,NA
248,1,ana,coral,class,NA,NA,NA,NA,NA,0,NA
248,0,man,coral,class,NA,NA,NA,NA,NA,0,NA
248,0,vhu,coral,class,1,NA,100.0311061,0.985670361,20.99346974,30.63432943,NA
249,1,ana,coral,class,NA,NA,NA,NA,NA,0,NA
249,0,man,coral,class,NA,NA,NA,NA,NA,0,NA
249,0,vhu,coral,class,1,NA,99.91145171,0.986834776,21.01861162,28.70938363,NA
250,1,ana,coral,class,NA,NA,NA,NA,NA,0,NA
250,0,man,coral,class,NA,NA,NA,NA,NA,0,NA
250,0,vhu,coral,class,1,NA,100.0311061,0.986950614,20.99346974,29.7609088,NA
