"","location","depth","transect","point","metric","group","status"
"1","north","sh","one",1,0,"PLOB","PB"
"2","north","sh","one",2,20,"PLOB","PB"
"3","north","sh","one",3,40,"PLOB","PB"
"4","north","sh","one",4,60,"MA","HAL"
"5","north","sh","one",5,80,"TURF","na"
"6","north","sh","one",6,100,"TURF","na"
"7","north","sh","one",7,120,"TURF","na"
"8","north","sh","one",8,140,"PLOB","PB"
"9","north","sh","one",9,160,"PLOB","PB"
"10","north","sh","one",10,180,"PLOB","PB"
"11","north","sh","one",11,200,"PLOB","PB"
"12","north","sh","one",12,220,"PLOB","PB"
"13","north","sh","one",13,240,"PLOB","PB"
"14","north","sh","one",14,260,"TURF","na"
"15","north","sh","one",15,280,"PLOB","P"
"16","north","sh","one",16,300,"PLOB","PB"
"17","north","sh","one",17,320,"PLOB","PB"
"18","north","sh","one",18,340,"PLOB","PB"
"19","north","sh","one",19,360,"SAND","na"
"20","north","sh","one",20,380,"MA","HAL"
"21","north","sh","one",21,400,"PLOB","PB"
"22","north","sh","one",22,420,"PLOB","PB"
"23","north","sh","one",23,440,"SAND","na"
"24","north","sh","one",24,460,"PLOB","P"
"25","north","sh","one",25,480,"MA","HAL"
"26","north","sh","one",26,500,"PLOB","PB"
"27","north","sh","one",27,520,"PLOB","PB"
"28","north","sh","one",28,540,"SAND","na"
"29","north","sh","one",29,560,"SAND","na"
"30","north","sh","one",30,580,"SAND","na"
"31","north","sh","one",31,600,"DC","OM"
"32","north","sh","one",32,620,"DC","OM"
"33","north","sh","one",33,640,"PLOB","PB"
"34","north","sh","one",34,660,"PLOB","PB"
"35","north","sh","one",35,680,"PLOB","PB"
"36","north","sh","one",36,700,"SAND","na"
"37","north","sh","one",37,720,"SAND","na"
"38","north","sh","one",38,740,"PLOB","PB"
"39","north","sh","one",39,760,"PLOB","PB"
"40","north","sh","one",40,780,"PLOB","H"
"41","north","sh","one",41,800,"PLOB","H"
"42","north","sh","one",42,820,"PLOB","H"
"43","north","sh","one",43,840,"PLOB","PB"
"44","north","sh","one",44,860,"SAND","na"
"45","north","sh","one",45,880,"SAND","na"
"46","north","sh","one",46,900,"PLOB","P"
"47","north","sh","one",47,920,"PLOB","P"
"48","north","sh","one",48,940,"PLOB","P"
"49","north","sh","one",49,960,"PLOB","H"
"50","north","sh","one",50,980,"SAND","na"
"51","north","sh","one",51,1000,"PLOB","H"
"52","north","sh","one",52,1020,"PLOB","H"
"53","north","sh","one",53,1040,"PLOB","H"
"54","north","sh","one",54,1060,"SAND","na"
"55","north","sh","one",55,1080,"PLOB","P"
"56","north","sh","one",56,1100,"PLOB","H"
"57","north","sh","one",57,1120,"PLOB","PB"
"58","north","sh","one",58,1140,"PLOB","PB"
"59","north","sh","one",59,1160,"PLOB","PB"
"60","north","sh","one",60,1180,"PLOB","PB"
"61","north","sh","one",61,1200,"PLOB","PB"
"62","north","sh","one",62,1220,"PLOB","PB"
"63","north","sh","one",63,1240,"PLOB","P"
"64","north","sh","one",64,1260,"PLOB","P"
"65","north","sh","one",65,1280,"PLOB","P"
"66","north","sh","one",66,1300,"PLOB","P"
"67","north","sh","one",67,1320,"PLOB","P"
"68","north","sh","one",68,1340,"PLOB","PB"
"69","north","sh","one",69,1360,"PLOB","PB"
"70","north","sh","one",70,1380,"PLOB","H"
"71","north","sh","one",71,1400,"PLOB","H"
"72","north","sh","one",72,1420,"PLOB","H"
"73","north","sh","one",73,1440,"PLOB","PB"
"74","north","sh","one",74,1460,"PLOB","PB"
"75","north","sh","one",75,1480,"MA","HAL"
"76","north","sh","one",76,1500,"PLOB","P"
"77","north","sh","one",77,1520,"PLOB","P"
"78","north","sh","one",78,1540,"PLOB","P"
"79","north","sh","one",79,1560,"PLOB","P"
"80","north","sh","one",80,1580,"MA","HAL"
"81","north","sh","one",81,1600,"PLOB","P"
"82","north","sh","one",82,1620,"PLOB","P"
"83","north","sh","one",83,1640,"PLOB","P"
"84","north","sh","one",84,1660,"PLOB","P"
"85","north","sh","one",85,1680,"PLOB","P"
"86","north","sh","one",86,1700,"PLOB","P"
"87","north","sh","one",87,1720,"PLOB","PB"
"88","north","sh","one",88,1740,"PLOB","PB"
"89","north","sh","one",89,1760,"PLOB","PB"
"90","north","sh","one",90,1780,"SAND","na"
"91","north","sh","one",91,1800,"PLOB","P"
"92","north","sh","one",92,1820,"PLOB","P"
"93","north","sh","one",93,1840,"PLOB","PB"
"94","north","sh","one",94,1860,"PLOB","H"
"95","north","sh","one",95,1880,"PLOB","H"
"96","north","sh","one",96,1900,"TURF","FIL"
"97","north","sh","one",97,1920,"DC","OM"
"98","north","sh","one",98,1940,"PLOB","PB"
"99","north","sh","one",99,1960,"PLOB","PB"
"100","north","sh","one",100,1980,"PLOB","PB"
"101","north","sh","one",101,2000,"PLOB","P"
"102","north","sh","one",102,2020,"PLOB","H"
"103","north","sh","one",103,2040,"PLOB","H"
"104","north","sh","one",104,2060,"MA","HAL"
"105","north","sh","one",105,2080,"DC","OM"
"106","north","sh","one",106,2100,"PLOB","P"
"107","north","sh","one",107,2120,"PLOB","P"
"108","north","sh","one",108,2140,"PLOB","P"
"109","north","sh","one",109,2160,"PLOB","PB"
"110","north","sh","one",110,2180,"DC","OM"
"111","north","sh","one",111,2200,"PLOB","P"
"112","north","sh","one",112,2220,"SAND","na"
"113","north","sh","one",113,2240,"SAND","na"
"114","north","sh","one",114,2260,"SAND","na"
"115","north","sh","one",115,2280,"SAND","na"
"116","north","sh","one",116,2300,"SAND","na"
"117","north","sh","one",117,2320,"SAND","na"
"118","north","sh","one",118,2340,"DC","OM"
"119","north","sh","one",119,2360,"DC","OM"
"120","north","sh","one",120,2380,"DC","OM"
"121","north","sh","one",121,2400,"SAND","na"
"122","north","sh","one",122,2420,"SAND","na"
"123","north","sh","one",123,2440,"SAND","na"
"124","north","sh","one",124,2460,"SAND","na"
"125","north","sh","one",125,2480,"SAND","na"
"126","north","sh","one",126,2500,"SAND","na"
"127","north","sh","two",1,0,"PLOB","PB"
"128","north","sh","two",2,20,"PLOB","PB"
"129","north","sh","two",3,40,"PLOB","P"
"130","north","sh","two",4,60,"PLOB","P"
"131","north","sh","two",5,80,"PLOB","P"
"132","north","sh","two",6,100,"PLOB","P"
"133","north","sh","two",7,120,"PLOB","P"
"134","north","sh","two",8,140,"PLOB","H"
"135","north","sh","two",9,160,"SAND","na"
"136","north","sh","two",10,180,"SAND","na"
"137","north","sh","two",11,200,"PLOB","H"
"138","north","sh","two",12,220,"PLOB","H"
"139","north","sh","two",13,240,"PLOB","H"
"140","north","sh","two",14,260,"POCI","H"
"141","north","sh","two",15,280,"SAND","na"
"142","north","sh","two",16,300,"PLOB","H"
"143","north","sh","two",17,320,"PLOB","H"
"144","north","sh","two",18,340,"PLOB","H"
"145","north","sh","two",19,360,"PLOB","H"
"146","north","sh","two",20,380,"TURF","FIL"
"147","north","sh","two",21,400,"PLOB","H"
"148","north","sh","two",22,420,"PLOB","PB"
"149","north","sh","two",23,440,"PLOB","PB"
"150","north","sh","two",24,460,"PLOB","PB"
"151","north","sh","two",25,480,"PLOB","PB"
"152","north","sh","two",26,500,"PLOB","H"
"153","north","sh","two",27,520,"PLOB","H"
"154","north","sh","two",28,540,"PLOB","PB"
"155","north","sh","two",29,560,"PLOB","PB"
"156","north","sh","two",30,580,"PLOB","PB"
"157","north","sh","two",31,600,"PLOB","H"
"158","north","sh","two",32,620,"PLOB","H"
"159","north","sh","two",33,640,"PLOB","PB"
"160","north","sh","two",34,660,"PLOB","PB"
"161","north","sh","two",35,680,"PLOB","PB"
"162","north","sh","two",36,700,"PLOB","P"
"163","north","sh","two",37,720,"PLOB","H"
"164","north","sh","two",38,740,"PLOB","H"
"165","north","sh","two",39,760,"SAND","na"
"166","north","sh","two",40,780,"SAND","na"
"167","north","sh","two",41,800,"MA","HAL"
"168","north","sh","two",42,820,"PLOB","PB"
"169","north","sh","two",43,840,"PLOB","PB"
"170","north","sh","two",44,860,"PLOB","PB"
"171","north","sh","two",45,880,"PLOB","PB"
"172","north","sh","two",46,900,"PLOB","PB"
"173","north","sh","two",47,920,"PLOB","PB"
"174","north","sh","two",48,940,"PLOB","PB"
"175","north","sh","two",49,960,"PLOB","P"
"176","north","sh","two",50,980,"PLOB","H"
"177","north","sh","two",51,1000,"PLOB","PB"
"178","north","sh","two",52,1020,"PLOB","PB"
"179","north","sh","two",53,1040,"PLOB","PB"
"180","north","sh","two",54,1060,"PLOB","PB"
"181","north","sh","two",55,1080,"DC","OM"
"182","north","sh","two",56,1100,"DC","OM"
"183","north","sh","two",57,1120,"DC","OM"
"184","north","sh","two",58,1140,"PLOB","P"
"185","north","sh","two",59,1160,"PLOB","P"
"186","north","sh","two",60,1180,"PLOB","P"
"187","north","sh","two",61,1200,"PLOB","P"
"188","north","sh","two",62,1220,"PLOB","P"
"189","north","sh","two",63,1240,"PLOB","H"
"190","north","sh","two",64,1260,"PLOB","H"
"191","north","sh","two",65,1280,"MA","HAL"
"192","north","sh","two",66,1300,"PLOB","P"
"193","north","sh","two",67,1320,"PLOB","P"
"194","north","sh","two",68,1340,"PLOB","P"
"195","north","sh","two",69,1360,"PLOB","H"
"196","north","sh","two",70,1380,"MA","HAL"
"197","north","sh","two",71,1400,"PLOB","P"
"198","north","sh","two",72,1420,"PLOB","P"
"199","north","sh","two",73,1440,"PLOB","PB"
"200","north","sh","two",74,1460,"PLOB","PB"
"201","north","sh","two",75,1480,"PLOB","H"
"202","north","sh","two",76,1500,"PLOB","P"
"203","north","sh","two",77,1520,"PLOB","P"
"204","north","sh","two",78,1540,"PLOB","P"
"205","north","sh","two",79,1560,"PLOB","P"
"206","north","sh","two",80,1580,"PLOB","PB"
"207","north","sh","two",81,1600,"PLOB","P"
"208","north","sh","two",82,1620,"PLOB","P"
"209","north","sh","two",83,1640,"PLOB","P"
"210","north","sh","two",84,1660,"PLOB","P"
"211","north","sh","two",85,1680,"PLOB","P"
"212","north","sh","two",86,1700,"PLOB","P"
"213","north","sh","two",87,1720,"PLOB","P"
"214","north","sh","two",88,1740,"PLOB","PB"
"215","north","sh","two",89,1760,"PLOB","PB"
"216","north","sh","two",90,1780,"PLOB","PB"
"217","north","sh","two",91,1800,"PLOB","P"
"218","north","sh","two",92,1820,"PLOB","P"
"219","north","sh","two",93,1840,"PLOB","P"
"220","north","sh","two",94,1860,"PLOB","P"
"221","north","sh","two",95,1880,"PLOB","PB"
"222","north","sh","two",96,1900,"PLOB","P"
"223","north","sh","two",97,1920,"PLOB","P"
"224","north","sh","two",98,1940,"PLOB","P"
"225","north","sh","two",99,1960,"PLOB","P"
"226","north","sh","two",100,1980,"PLOB","P"
"227","north","sh","two",101,2000,"BARE","ROCK"
"228","north","sh","two",102,2020,"BARE","ROCK"
"229","north","sh","two",103,2040,"BARE","ROCK"
"230","north","sh","two",104,2060,"BARE","ROCK"
"231","north","sh","two",105,2080,"SAND","na"
"232","north","sh","two",106,2100,"BARE","ROCK"
"233","north","sh","two",107,2120,"SAND","na"
"234","north","sh","two",108,2140,"SAND","na"
"235","north","sh","two",109,2160,"SAND","na"
"236","north","sh","two",110,2180,"SAND","na"
"237","north","sh","two",111,2200,"PLOB","PB"
"238","north","sh","two",112,2220,"ROCK","na"
"239","north","sh","two",113,2240,"SAND","na"
"240","north","sh","two",114,2260,"SAND","na"
"241","north","sh","two",115,2280,"SAND","na"
"242","north","sh","two",116,2300,"BARE","ROCK"
"243","north","sh","two",117,2320,"SAND","na"
"244","north","sh","two",118,2340,"SAND","na"
"245","north","sh","two",119,2360,"SAND","na"
"246","north","sh","two",120,2380,"SAND","na"
"247","north","sh","two",121,2400,"SAND","na"
"248","north","sh","two",122,2420,"SAND","na"
"249","north","sh","two",123,2440,"SAND","na"
"250","north","sh","two",124,2460,"SAND","na"
"251","north","sh","two",125,2480,"SAND","na"
"252","north","sh","two",126,2500,"SAND","na"
"253","north","dp","one",2,20,"MA","HALIMEDA"
"254","north","dp","one",5,80,"MA","na"
"255","north","dp","one",6,100,"MA","na"
"256","north","dp","one",7,120,"MA","na"
"257","north","dp","one",79,1560,"MA","na"
"258","north","dp","one",11,200,"PLOB","H"
"259","north","dp","one",12,220,"PLOB","H"
"260","north","dp","one",14,260,"PLOB","H"
"261","north","dp","one",75,1480,"PLOB","H"
"262","north","dp","one",76,1500,"PLOB","H"
"263","north","dp","one",77,1520,"PLOB","H"
"264","north","dp","one",80,1580,"PLOB","H"
"265","north","dp","one",81,1600,"PLOB","H"
"266","north","dp","one",82,1620,"PLOB","H"
"267","north","dp","one",83,1640,"PLOB","H"
"268","north","dp","one",84,1660,"PLOB","H"
"269","north","dp","one",85,1680,"PLOB","H"
"270","north","dp","one",3,40,"PLOB","P"
"271","north","dp","one",4,60,"PLOB","P"
"272","north","dp","one",8,140,"PLOB","P"
"273","north","dp","one",9,160,"PLOB","P"
"274","north","dp","one",10,180,"PLOB","P"
"275","north","dp","one",15,280,"PLOB","P"
"276","north","dp","one",20,380,"PLOB","P"
"277","north","dp","one",21,400,"PLOB","P"
"278","north","dp","one",23,440,"PLOB","P"
"279","north","dp","one",24,460,"PLOB","P"
"280","north","dp","one",25,480,"PLOB","P"
"281","north","dp","one",26,500,"PLOB","P"
"282","north","dp","one",27,520,"PLOB","P"
"283","north","dp","one",28,540,"PLOB","P"
"284","north","dp","one",29,560,"PLOB","P"
"285","north","dp","one",30,580,"PLOB","P"
"286","north","dp","one",31,600,"PLOB","P"
"287","north","dp","one",32,620,"PLOB","P"
"288","north","dp","one",33,640,"PLOB","P"
"289","north","dp","one",34,660,"PLOB","P"
"290","north","dp","one",35,680,"PLOB","P"
"291","north","dp","one",36,700,"PLOB","P"
"292","north","dp","one",37,720,"PLOB","P"
"293","north","dp","one",38,740,"PLOB","P"
"294","north","dp","one",39,760,"PLOB","P"
"295","north","dp","one",40,780,"PLOB","P"
"296","north","dp","one",41,800,"PLOB","P"
"297","north","dp","one",42,820,"PLOB","P"
"298","north","dp","one",43,840,"PLOB","P"
"299","north","dp","one",44,860,"PLOB","P"
"300","north","dp","one",45,880,"PLOB","P"
"301","north","dp","one",46,900,"PLOB","P"
"302","north","dp","one",47,920,"PLOB","P"
"303","north","dp","one",48,940,"PLOB","P"
"304","north","dp","one",49,960,"PLOB","P"
"305","north","dp","one",50,980,"PLOB","P"
"306","north","dp","one",51,1000,"PLOB","P"
"307","north","dp","one",52,1020,"PLOB","P"
"308","north","dp","one",53,1040,"PLOB","P"
"309","north","dp","one",54,1060,"PLOB","P"
"310","north","dp","one",55,1080,"PLOB","P"
"311","north","dp","one",56,1100,"PLOB","P"
"312","north","dp","one",57,1120,"PLOB","P"
"313","north","dp","one",58,1140,"PLOB","P"
"314","north","dp","one",59,1160,"PLOB","P"
"315","north","dp","one",60,1180,"PLOB","P"
"316","north","dp","one",61,1200,"PLOB","P"
"317","north","dp","one",62,1220,"PLOB","P"
"318","north","dp","one",63,1240,"PLOB","P"
"319","north","dp","one",64,1260,"PLOB","P"
"320","north","dp","one",67,1320,"PLOB","P"
"321","north","dp","one",68,1340,"PLOB","P"
"322","north","dp","one",69,1360,"PLOB","P"
"323","north","dp","one",70,1380,"PLOB","P"
"324","north","dp","one",71,1400,"PLOB","P"
"325","north","dp","one",72,1420,"PLOB","P"
"326","north","dp","one",90,1780,"PLOB","P"
"327","north","dp","one",91,1800,"PLOB","P"
"328","north","dp","one",92,1820,"PLOB","P"
"329","north","dp","one",93,1840,"PLOB","P"
"330","north","dp","one",94,1860,"PLOB","P"
"331","north","dp","one",95,1880,"PLOB","P"
"332","north","dp","one",96,1900,"PLOB","P"
"333","north","dp","one",97,1920,"PLOB","P"
"334","north","dp","one",98,1940,"PLOB","P"
"335","north","dp","one",99,1960,"PLOB","P"
"336","north","dp","one",100,1980,"PLOB","P"
"337","north","dp","one",101,2000,"PLOB","P"
"338","north","dp","one",102,2020,"PLOB","P"
"339","north","dp","one",103,2040,"PLOB","P"
"340","north","dp","one",104,2060,"PLOB","P"
"341","north","dp","one",105,2080,"PLOB","P"
"342","north","dp","one",106,2100,"PLOB","P"
"343","north","dp","one",107,2120,"PLOB","P"
"344","north","dp","one",108,2140,"PLOB","P"
"345","north","dp","one",109,2160,"PLOB","P"
"346","north","dp","one",110,2180,"PLOB","P"
"347","north","dp","one",112,2220,"PLOB","P"
"348","north","dp","one",118,2340,"PLOB","P"
"349","north","dp","one",119,2360,"PLOB","P"
"350","north","dp","one",120,2380,"PLOB","P"
"351","north","dp","one",121,2400,"PLOB","P"
"352","north","dp","one",122,2420,"PLOB","P"
"353","north","dp","one",123,2440,"PLOB","P"
"354","north","dp","one",124,2460,"PLOB","P"
"355","north","dp","one",125,2480,"PLOB","P"
"356","north","dp","one",126,2500,"PLOB","P"
"357","north","dp","one",74,1460,"PLOB","PB"
"358","north","dp","one",86,1700,"PLOB","PB"
"359","north","dp","one",87,1720,"PLOB","PB"
"360","north","dp","one",88,1740,"PLOB","PB"
"361","north","dp","one",89,1760,"PLOB","PB"
"362","north","dp","one",73,1440,"POCI","BL"
"363","north","dp","one",1,0,"POCI","H"
"364","north","dp","one",17,320,"POCI","P"
"365","north","dp","one",19,360,"POCI","P"
"366","north","dp","one",22,420,"POCI","P"
"367","north","dp","one",65,1280,"POCI","PB"
"368","north","dp","one",66,1300,"POCI","PB"
"369","north","dp","one",13,240,"SAND","na"
"370","north","dp","one",16,300,"SAND","na"
"371","north","dp","one",18,340,"SAND","na"
"372","north","dp","one",78,1540,"SAND","na"
"373","north","dp","one",111,2200,"SAND","na"
"374","north","dp","one",113,2240,"SAND","na"
"375","north","dp","one",114,2260,"SAND","na"
"376","north","dp","one",115,2280,"SAND","na"
"377","north","dp","one",116,2300,"SAND","na"
"378","north","dp","one",117,2320,"SAND","na"
"379","north","dp","two",40,780,"MA","HALIMEDA"
"380","north","dp","two",41,800,"MA","HALIMEDA"
"381","north","dp","two",51,1000,"MA","HALIMEDA"
"382","north","dp","two",95,1880,"MA","HALIMEDA"
"383","north","dp","two",6,100,"MA","HALIMEDA?"
"384","north","dp","two",38,740,"MA","na"
"385","north","dp","two",33,640,"MA","na"
"386","north","dp","two",85,1680,"PLOB","H"
"387","north","dp","two",86,1700,"PLOB","H"
"388","north","dp","two",87,1720,"PLOB","H"
"389","north","dp","two",88,1740,"PLOB","H"
"390","north","dp","two",89,1760,"PLOB","H"
"391","north","dp","two",90,1780,"PLOB","H"
"392","north","dp","two",91,1800,"PLOB","H"
"393","north","dp","two",92,1820,"PLOB","H"
"394","north","dp","two",93,1840,"PLOB","H"
"395","north","dp","two",94,1860,"PLOB","H"
"396","north","dp","two",45,880,"PLOB","H"
"397","north","dp","two",46,900,"PLOB","H"
"398","north","dp","two",1,0,"PLOB","P"
"399","north","dp","two",2,20,"PLOB","P"
"400","north","dp","two",3,40,"PLOB","P"
"401","north","dp","two",4,60,"PLOB","P"
"402","north","dp","two",5,80,"PLOB","P"
"403","north","dp","two",8,140,"PLOB","P"
"404","north","dp","two",9,160,"PLOB","P"
"405","north","dp","two",10,180,"PLOB","P"
"406","north","dp","two",19,360,"PLOB","P"
"407","north","dp","two",20,380,"PLOB","P"
"408","north","dp","two",21,400,"PLOB","P"
"409","north","dp","two",28,540,"PLOB","P"
"410","north","dp","two",29,560,"PLOB","P"
"411","north","dp","two",30,580,"PLOB","P"
"412","north","dp","two",31,600,"PLOB","P"
"413","north","dp","two",32,620,"PLOB","P"
"414","north","dp","two",34,660,"PLOB","P"
"415","north","dp","two",35,680,"PLOB","P"
"416","north","dp","two",36,700,"PLOB","P"
"417","north","dp","two",37,720,"PLOB","P"
"418","north","dp","two",42,820,"PLOB","P"
"419","north","dp","two",43,840,"PLOB","P"
"420","north","dp","two",44,860,"PLOB","P"
"421","north","dp","two",47,920,"PLOB","P"
"422","north","dp","two",48,940,"PLOB","P"
"423","north","dp","two",49,960,"PLOB","P"
"424","north","dp","two",50,980,"PLOB","P"
"425","north","dp","two",67,1320,"PLOB","P"
"426","north","dp","two",70,1380,"PLOB","P"
"427","north","dp","two",71,1400,"PLOB","P"
"428","north","dp","two",72,1420,"PLOB","P"
"429","north","dp","two",73,1440,"PLOB","P"
"430","north","dp","two",74,1460,"PLOB","P"
"431","north","dp","two",75,1480,"PLOB","P"
"432","north","dp","two",76,1500,"PLOB","P"
"433","north","dp","two",77,1520,"PLOB","P"
"434","north","dp","two",78,1540,"PLOB","P"
"435","north","dp","two",79,1560,"PLOB","P"
"436","north","dp","two",113,2240,"PLOB","P"
"437","north","dp","two",114,2260,"PLOB","P"
"438","north","dp","two",115,2280,"PLOB","P"
"439","north","dp","two",116,2300,"PLOB","P"
"440","north","dp","two",117,2320,"PLOB","P"
"441","north","dp","two",118,2340,"PLOB","P"
"442","north","dp","two",119,2360,"PLOB","P"
"443","north","dp","two",120,2380,"PLOB","P"
"444","north","dp","two",121,2400,"PLOB","P"
"445","north","dp","two",122,2420,"PLOB","P"
"446","north","dp","two",123,2440,"PLOB","P"
"447","north","dp","two",124,2460,"PLOB","P"
"448","north","dp","two",125,2480,"PLOB","P"
"449","north","dp","two",126,2500,"PLOB","P"
"450","north","dp","two",11,200,"PLOB","PB"
"451","north","dp","two",12,220,"PLOB","PB"
"452","north","dp","two",13,240,"PLOB","PB"
"453","north","dp","two",14,260,"PLOB","PB"
"454","north","dp","two",15,280,"PLOB","PB"
"455","north","dp","two",22,420,"PLOB","PB"
"456","north","dp","two",23,440,"PLOB","PB"
"457","north","dp","two",24,460,"PLOB","PB"
"458","north","dp","two",25,480,"PLOB","PB"
"459","north","dp","two",26,500,"PLOB","PB"
"460","north","dp","two",27,520,"PLOB","PB"
"461","north","dp","two",39,760,"PLOB","PB"
"462","north","dp","two",52,1020,"PLOB","PB"
"463","north","dp","two",53,1040,"PLOB","PB"
"464","north","dp","two",54,1060,"PLOB","PB"
"465","north","dp","two",55,1080,"PLOB","PB"
"466","north","dp","two",56,1100,"PLOB","PB"
"467","north","dp","two",57,1120,"PLOB","PB"
"468","north","dp","two",58,1140,"PLOB","PB"
"469","north","dp","two",59,1160,"PLOB","PB"
"470","north","dp","two",60,1180,"PLOB","PB"
"471","north","dp","two",61,1200,"PLOB","PB"
"472","north","dp","two",62,1220,"PLOB","PB"
"473","north","dp","two",63,1240,"PLOB","PB"
"474","north","dp","two",64,1260,"PLOB","PB"
"475","north","dp","two",65,1280,"PLOB","PB"
"476","north","dp","two",66,1300,"PLOB","PB"
"477","north","dp","two",80,1580,"PLOB","PB"
"478","north","dp","two",81,1600,"PLOB","PB"
"479","north","dp","two",82,1620,"PLOB","PB"
"480","north","dp","two",83,1640,"PLOB","PB"
"481","north","dp","two",84,1660,"PLOB","PB"
"482","north","dp","two",96,1900,"PLOB","PB"
"483","north","dp","two",97,1920,"PLOB","PB"
"484","north","dp","two",98,1940,"PLOB","PB"
"485","north","dp","two",99,1960,"PLOB","PB"
"486","north","dp","two",100,1980,"PLOB","PB"
"487","north","dp","two",101,2000,"PLOB","PB"
"488","north","dp","two",102,2020,"PLOB","PB"
"489","north","dp","two",103,2040,"PLOB","PB"
"490","north","dp","two",104,2060,"PLOB","PB"
"491","north","dp","two",105,2080,"PLOB","PB"
"492","north","dp","two",106,2100,"PLOB","PB"
"493","north","dp","two",107,2120,"PLOB","PB"
"494","north","dp","two",108,2140,"PLOB","PB"
"495","north","dp","two",109,2160,"PLOB","PB"
"496","north","dp","two",110,2180,"PLOB","PB"
"497","north","dp","two",111,2200,"PLOB","PB"
"498","north","dp","two",112,2220,"PLOB","PB"
"499","north","dp","two",69,1360,"POCI","P"
"500","north","dp","two",68,1340,"POCI","PB"
"501","north","dp","two",7,120,"SAND","na"
"502","north","dp","two",16,300,"TURF","FIL"
"503","north","dp","two",17,320,"TURF","FIL"
"504","north","dp","two",18,340,"TURF","FIL"
"505","west","sh","one",15,280,"MA","HAL"
"506","west","sh","one",20,380,"MA","HAL"
"507","west","sh","one",25,480,"MA","HAL"
"508","west","sh","one",30,580,"MA","HAL"
"509","west","sh","one",35,680,"MA","HAL"
"510","west","sh","one",96,1900,"PLOB","H"
"511","west","sh","one",97,1920,"PLOB","H"
"512","west","sh","one",108,2140,"PLOB","H"
"513","west","sh","one",116,2300,"PLOB","H"
"514","west","sh","one",117,2320,"PLOB","H"
"515","west","sh","one",57,1120,"PLOB","P"
"516","west","sh","one",58,1140,"PLOB","P"
"517","west","sh","one",59,1160,"PLOB","P"
"518","west","sh","one",60,1180,"PLOB","P"
"519","west","sh","one",92,1820,"PLOB","P"
"520","west","sh","one",1,0,"PLOB","PB"
"521","west","sh","one",2,20,"PLOB","PB"
"522","west","sh","one",3,40,"PLOB","PB"
"523","west","sh","one",4,60,"PLOB","PB"
"524","west","sh","one",5,80,"PLOB","PB"
"525","west","sh","one",7,120,"PLOB","PB"
"526","west","sh","one",8,140,"PLOB","PB"
"527","west","sh","one",9,160,"PLOB","PB"
"528","west","sh","one",10,180,"PLOB","PB"
"529","west","sh","one",11,200,"PLOB","PB"
"530","west","sh","one",12,220,"PLOB","PB"
"531","west","sh","one",13,240,"PLOB","PB"
"532","west","sh","one",16,300,"PLOB","PB"
"533","west","sh","one",17,320,"PLOB","PB"
"534","west","sh","one",18,340,"PLOB","PB"
"535","west","sh","one",21,400,"PLOB","PB"
"536","west","sh","one",22,420,"PLOB","PB"
"537","west","sh","one",23,440,"PLOB","PB"
"538","west","sh","one",27,520,"PLOB","PB"
"539","west","sh","one",28,540,"PLOB","PB"
"540","west","sh","one",29,560,"PLOB","PB"
"541","west","sh","one",31,600,"PLOB","PB"
"542","west","sh","one",32,620,"PLOB","PB"
"543","west","sh","one",33,640,"PLOB","PB"
"544","west","sh","one",34,660,"PLOB","PB"
"545","west","sh","one",36,700,"PLOB","PB"
"546","west","sh","one",37,720,"PLOB","PB"
"547","west","sh","one",38,740,"PLOB","PB"
"548","west","sh","one",39,760,"PLOB","PB"
"549","west","sh","one",40,780,"PLOB","PB"
"550","west","sh","one",42,820,"PLOB","PB"
"551","west","sh","one",43,840,"PLOB","PB"
"552","west","sh","one",44,860,"PLOB","PB"
"553","west","sh","one",45,880,"PLOB","PB"
"554","west","sh","one",46,900,"PLOB","PB"
"555","west","sh","one",47,920,"PLOB","PB"
"556","west","sh","one",48,940,"PLOB","PB"
"557","west","sh","one",49,960,"PLOB","PB"
"558","west","sh","one",50,980,"PLOB","PB"
"559","west","sh","one",52,1020,"PLOB","PB"
"560","west","sh","one",53,1040,"PLOB","PB"
"561","west","sh","one",54,1060,"PLOB","PB"
"562","west","sh","one",55,1080,"PLOB","PB"
"563","west","sh","one",61,1200,"PLOB","PB"
"564","west","sh","one",62,1220,"PLOB","PB"
"565","west","sh","one",63,1240,"PLOB","PB"
"566","west","sh","one",64,1260,"PLOB","PB"
"567","west","sh","one",68,1340,"PLOB","PB"
"568","west","sh","one",69,1360,"PLOB","PB"
"569","west","sh","one",70,1380,"PLOB","PB"
"570","west","sh","one",76,1500,"PLOB","PB"
"571","west","sh","one",77,1520,"PLOB","PB"
"572","west","sh","one",89,1760,"PLOB","PB"
"573","west","sh","one",90,1780,"PLOB","PB"
"574","west","sh","one",101,2000,"PLOB","PB"
"575","west","sh","one",102,2020,"PLOB","PB"
"576","west","sh","one",103,2040,"PLOB","PB"
"577","west","sh","one",107,2120,"PLOB","PB"
"578","west","sh","one",115,2280,"PLOB","PB"
"579","west","sh","one",119,2360,"PLOB","PB"
"580","west","sh","one",121,2400,"PLOB","PB"
"581","west","sh","one",122,2420,"PLOB","PB"
"582","west","sh","one",123,2440,"PLOB","PB"
"583","west","sh","one",126,2500,"PLOB","PB"
"584","west","sh","one",106,2100,"POCI","H"
"585","west","sh","one",26,500,"POCI","P"
"586","west","sh","one",41,800,"POCI","P"
"587","west","sh","one",65,1280,"POCI","P"
"588","west","sh","one",67,1320,"POCI","P"
"589","west","sh","one",71,1400,"POCI","P"
"590","west","sh","one",72,1420,"POCI","P"
"591","west","sh","one",73,1440,"POCI","P"
"592","west","sh","one",74,1460,"POCI","P"
"593","west","sh","one",78,1540,"POCI","P"
"594","west","sh","one",79,1560,"POCI","P"
"595","west","sh","one",88,1740,"POCI","P"
"596","west","sh","one",95,1880,"POCI","P"
"597","west","sh","one",105,2080,"POCI","P"
"598","west","sh","one",6,100,"POCI","PB"
"599","west","sh","one",14,260,"SAND","na"
"600","west","sh","one",19,360,"SAND","na"
"601","west","sh","one",24,460,"SAND","na"
"602","west","sh","one",56,1100,"SAND","na"
"603","west","sh","one",66,1300,"SAND","na"
"604","west","sh","one",75,1480,"SAND","na"
"605","west","sh","one",80,1580,"SAND","na"
"606","west","sh","one",81,1600,"SAND","na"
"607","west","sh","one",84,1660,"SAND","na"
"608","west","sh","one",91,1800,"SAND","na"
"609","west","sh","one",94,1860,"SAND","na"
"610","west","sh","one",98,1940,"SAND","na"
"611","west","sh","one",110,2180,"SAND","na"
"612","west","sh","one",111,2200,"SAND","na"
"613","west","sh","one",82,1620,"SPONGE","na"
"614","west","sh","one",83,1640,"SPONGE","na"
"615","west","sh","one",87,1720,"SPONGE","na"
"616","west","sh","one",93,1840,"SPONGE","na"
"617","west","sh","one",99,1960,"SPONGE","na"
"618","west","sh","one",104,2060,"SPONGE","na"
"619","west","sh","one",114,2260,"SPONGE","na"
"620","west","sh","one",120,2380,"SPONGE","na"
"621","west","sh","one",124,2460,"SPONGE","na"
"622","west","sh","one",51,1000,"TURF","FIL"
"623","west","sh","one",85,1680,"TURF","na"
"624","west","sh","one",86,1700,"TURF","na"
"625","west","sh","one",100,1980,"TURF","na"
"626","west","sh","one",109,2160,"TURF","na"
"627","west","sh","one",112,2220,"TURF","na"
"628","west","sh","one",113,2240,"TURF","na"
"629","west","sh","one",118,2340,"TURF","na"
"630","west","sh","one",125,2480,"TURF","na"
"631","west","sh","two",31,600,"MA","HAL"
"632","west","sh","two",1,0,"PLOB","P"
"633","west","sh","two",24,460,"PLOB","P"
"634","west","sh","two",25,480,"PLOB","P"
"635","west","sh","two",26,500,"PLOB","P"
"636","west","sh","two",27,520,"PLOB","P"
"637","west","sh","two",28,540,"PLOB","P"
"638","west","sh","two",29,560,"PLOB","P"
"639","west","sh","two",30,580,"PLOB","P"
"640","west","sh","two",33,640,"PLOB","P"
"641","west","sh","two",34,660,"PLOB","P"
"642","west","sh","two",35,680,"PLOB","P"
"643","west","sh","two",36,700,"PLOB","P"
"644","west","sh","two",37,720,"PLOB","P"
"645","west","sh","two",38,740,"PLOB","P"
"646","west","sh","two",39,760,"PLOB","P"
"647","west","sh","two",42,820,"PLOB","P"
"648","west","sh","two",43,840,"PLOB","P"
"649","west","sh","two",44,860,"PLOB","P"
"650","west","sh","two",45,880,"PLOB","P"
"651","west","sh","two",46,900,"PLOB","P"
"652","west","sh","two",47,920,"PLOB","P"
"653","west","sh","two",48,940,"PLOB","P"
"654","west","sh","two",49,960,"PLOB","P"
"655","west","sh","two",50,980,"PLOB","P"
"656","west","sh","two",51,1000,"PLOB","P"
"657","west","sh","two",52,1020,"PLOB","P"
"658","west","sh","two",53,1040,"PLOB","P"
"659","west","sh","two",54,1060,"PLOB","P"
"660","west","sh","two",55,1080,"PLOB","P"
"661","west","sh","two",56,1100,"PLOB","P"
"662","west","sh","two",57,1120,"PLOB","P"
"663","west","sh","two",58,1140,"PLOB","P"
"664","west","sh","two",59,1160,"PLOB","P"
"665","west","sh","two",60,1180,"PLOB","P"
"666","west","sh","two",61,1200,"PLOB","P"
"667","west","sh","two",62,1220,"PLOB","P"
"668","west","sh","two",63,1240,"PLOB","P"
"669","west","sh","two",64,1260,"PLOB","P"
"670","west","sh","two",65,1280,"PLOB","P"
"671","west","sh","two",66,1300,"PLOB","P"
"672","west","sh","two",67,1320,"PLOB","P"
"673","west","sh","two",68,1340,"PLOB","P"
"674","west","sh","two",71,1400,"PLOB","P"
"675","west","sh","two",72,1420,"PLOB","P"
"676","west","sh","two",73,1440,"PLOB","P"
"677","west","sh","two",76,1500,"PLOB","P"
"678","west","sh","two",77,1520,"PLOB","P"
"679","west","sh","two",78,1540,"PLOB","P"
"680","west","sh","two",81,1600,"PLOB","P"
"681","west","sh","two",82,1620,"PLOB","P"
"682","west","sh","two",83,1640,"PLOB","P"
"683","west","sh","two",84,1660,"PLOB","P"
"684","west","sh","two",85,1680,"PLOB","P"
"685","west","sh","two",93,1840,"PLOB","P"
"686","west","sh","two",94,1860,"PLOB","P"
"687","west","sh","two",6,100,"PLOB","PB"
"688","west","sh","two",7,120,"PLOB","PB"
"689","west","sh","two",8,140,"PLOB","PB"
"690","west","sh","two",9,160,"PLOB","PB"
"691","west","sh","two",10,180,"PLOB","PB"
"692","west","sh","two",11,200,"PLOB","PB"
"693","west","sh","two",12,220,"PLOB","PB"
"694","west","sh","two",13,240,"PLOB","PB"
"695","west","sh","two",14,260,"PLOB","PB"
"696","west","sh","two",15,280,"PLOB","PB"
"697","west","sh","two",16,300,"PLOB","PB"
"698","west","sh","two",17,320,"PLOB","PB"
"699","west","sh","two",18,340,"PLOB","PB"
"700","west","sh","two",19,360,"PLOB","PB"
"701","west","sh","two",20,380,"PLOB","PB"
"702","west","sh","two",21,400,"PLOB","PB"
"703","west","sh","two",22,420,"PLOB","PB"
"704","west","sh","two",23,440,"PLOB","PB"
"705","west","sh","two",86,1700,"PLOB","PB"
"706","west","sh","two",87,1720,"PLOB","PB"
"707","west","sh","two",88,1740,"PLOB","PB"
"708","west","sh","two",96,1900,"PLOB","PB"
"709","west","sh","two",97,1920,"PLOB","PB"
"710","west","sh","two",98,1940,"PLOB","PB"
"711","west","sh","two",99,1960,"PLOB","PB"
"712","west","sh","two",100,1980,"PLOB","PB"
"713","west","sh","two",101,2000,"PLOB","PB"
"714","west","sh","two",102,2020,"PLOB","PB"
"715","west","sh","two",103,2040,"PLOB","PB"
"716","west","sh","two",104,2060,"PLOB","PB"
"717","west","sh","two",105,2080,"PLOB","PB"
"718","west","sh","two",106,2100,"PLOB","PB"
"719","west","sh","two",107,2120,"PLOB","PB"
"720","west","sh","two",108,2140,"PLOB","PB"
"721","west","sh","two",109,2160,"PLOB","PB"
"722","west","sh","two",110,2180,"PLOB","PB"
"723","west","sh","two",111,2200,"PLOB","PB"
"724","west","sh","two",112,2220,"PLOB","PB"
"725","west","sh","two",113,2240,"PLOB","PB"
"726","west","sh","two",114,2260,"PLOB","PB"
"727","west","sh","two",115,2280,"PLOB","PB"
"728","west","sh","two",116,2300,"PLOB","PB"
"729","west","sh","two",117,2320,"PLOB","PB"
"730","west","sh","two",118,2340,"PLOB","PB"
"731","west","sh","two",119,2360,"PLOB","PB"
"732","west","sh","two",120,2380,"PLOB","PB"
"733","west","sh","two",41,800,"POCI","BL"
"734","west","sh","two",90,1780,"POCI","BL"
"735","west","sh","two",4,60,"POCI","P"
"736","west","sh","two",32,620,"POCI","P"
"737","west","sh","two",40,780,"POCI","P"
"738","west","sh","two",69,1360,"POCI","P"
"739","west","sh","two",70,1380,"POCI","P"
"740","west","sh","two",74,1460,"POCI","P"
"741","west","sh","two",75,1480,"POCI","P"
"742","west","sh","two",79,1560,"POCI","P"
"743","west","sh","two",80,1580,"POCI","P"
"744","west","sh","two",2,20,"POCI","H"
"745","west","sh","two",95,1880,"POCI","H"
"746","west","sh","two",121,2400,"POCI","H"
"747","west","sh","two",122,2420,"POCI","H"
"748","west","sh","two",123,2440,"POCI","H"
"749","west","sh","two",124,2460,"POCI","H"
"750","west","sh","two",125,2480,"POCI","H"
"751","west","sh","two",5,80,"SAND","na"
"752","west","sh","two",89,1760,"SAND","na"
"753","west","sh","two",91,1800,"SAND","na"
"754","west","sh","two",92,1820,"SAND","na"
"755","west","sh","two",3,40,"TURF","na"
"756","west","sh","two",126,2500,"TURF","na"
"757","west","dp","one",5,80,"MA","HAL"
"758","west","dp","one",20,380,"MA","HAL"
"759","west","dp","one",38,740,"MA","HAL"
"760","west","dp","one",75,1480,"MA","HAL"
"761","west","dp","one",80,1580,"MA","HAL"
"762","west","dp","one",84,1660,"MA","HAL"
"763","west","dp","one",95,1880,"MA","HAL"
"764","west","dp","one",109,2160,"MA","HAL"
"765","west","dp","one",124,2460,"MA","HAL"
"766","west","dp","one",125,2480,"MA","HAL"
"767","west","dp","one",61,1200,"PLOB","H"
"768","west","dp","one",65,1280,"PLOB","H"
"769","west","dp","one",7,120,"PLOB","P"
"770","west","dp","one",8,140,"PLOB","P"
"771","west","dp","one",9,160,"PLOB","P"
"772","west","dp","one",24,460,"PLOB","P"
"773","west","dp","one",31,600,"PLOB","P"
"774","west","dp","one",39,760,"PLOB","P"
"775","west","dp","one",40,780,"PLOB","P"
"776","west","dp","one",63,1240,"PLOB","P"
"777","west","dp","one",91,1800,"PLOB","P"
"778","west","dp","one",101,2000,"PLOB","P"
"779","west","dp","one",102,2020,"PLOB","P"
"780","west","dp","one",103,2040,"PLOB","P"
"781","west","dp","one",104,2060,"PLOB","P"
"782","west","dp","one",105,2080,"PLOB","P"
"783","west","dp","one",118,2340,"PLOB","P"
"784","west","dp","one",119,2360,"PLOB","P"
"785","west","dp","one",120,2380,"PLOB","P"
"786","west","dp","one",1,0,"PLOB","PB"
"787","west","dp","one",2,20,"PLOB","PB"
"788","west","dp","one",3,40,"PLOB","PB"
"789","west","dp","one",4,60,"PLOB","PB"
"790","west","dp","one",11,200,"PLOB","PB"
"791","west","dp","one",12,220,"PLOB","PB"
"792","west","dp","one",13,240,"PLOB","PB"
"793","west","dp","one",14,260,"PLOB","PB"
"794","west","dp","one",15,280,"PLOB","PB"
"795","west","dp","one",16,300,"PLOB","PB"
"796","west","dp","one",17,320,"PLOB","PB"
"797","west","dp","one",18,340,"PLOB","PB"
"798","west","dp","one",19,360,"PLOB","PB"
"799","west","dp","one",21,400,"PLOB","PB"
"800","west","dp","one",22,420,"PLOB","PB"
"801","west","dp","one",23,440,"PLOB","PB"
"802","west","dp","one",26,500,"PLOB","PB"
"803","west","dp","one",27,520,"PLOB","PB"
"804","west","dp","one",28,540,"PLOB","PB"
"805","west","dp","one",29,560,"PLOB","PB"
"806","west","dp","one",32,620,"PLOB","PB"
"807","west","dp","one",33,640,"PLOB","PB"
"808","west","dp","one",34,660,"PLOB","PB"
"809","west","dp","one",36,700,"PLOB","PB"
"810","west","dp","one",41,800,"PLOB","PB"
"811","west","dp","one",42,820,"PLOB","PB"
"812","west","dp","one",43,840,"PLOB","PB"
"813","west","dp","one",44,860,"PLOB","PB"
"814","west","dp","one",46,900,"PLOB","PB"
"815","west","dp","one",47,920,"PLOB","PB"
"816","west","dp","one",48,940,"PLOB","PB"
"817","west","dp","one",49,960,"PLOB","PB"
"818","west","dp","one",51,1000,"PLOB","PB"
"819","west","dp","one",52,1020,"PLOB","PB"
"820","west","dp","one",53,1040,"PLOB","PB"
"821","west","dp","one",54,1060,"PLOB","PB"
"822","west","dp","one",58,1140,"PLOB","PB"
"823","west","dp","one",59,1160,"PLOB","PB"
"824","west","dp","one",66,1300,"PLOB","PB"
"825","west","dp","one",67,1320,"PLOB","PB"
"826","west","dp","one",68,1340,"PLOB","PB"
"827","west","dp","one",69,1360,"PLOB","PB"
"828","west","dp","one",72,1420,"PLOB","PB"
"829","west","dp","one",73,1440,"PLOB","PB"
"830","west","dp","one",74,1460,"PLOB","PB"
"831","west","dp","one",76,1500,"PLOB","PB"
"832","west","dp","one",77,1520,"PLOB","PB"
"833","west","dp","one",78,1540,"PLOB","PB"
"834","west","dp","one",79,1560,"PLOB","PB"
"835","west","dp","one",81,1600,"PLOB","PB"
"836","west","dp","one",82,1620,"PLOB","PB"
"837","west","dp","one",83,1640,"PLOB","PB"
"838","west","dp","one",86,1700,"PLOB","PB"
"839","west","dp","one",87,1720,"PLOB","PB"
"840","west","dp","one",88,1740,"PLOB","PB"
"841","west","dp","one",92,1820,"PLOB","PB"
"842","west","dp","one",93,1840,"PLOB","PB"
"843","west","dp","one",96,1900,"PLOB","PB"
"844","west","dp","one",97,1920,"PLOB","PB"
"845","west","dp","one",98,1940,"PLOB","PB"
"846","west","dp","one",99,1960,"PLOB","PB"
"847","west","dp","one",106,2100,"PLOB","PB"
"848","west","dp","one",107,2120,"PLOB","PB"
"849","west","dp","one",108,2140,"PLOB","PB"
"850","west","dp","one",111,2200,"PLOB","PB"
"851","west","dp","one",112,2220,"PLOB","PB"
"852","west","dp","one",113,2240,"PLOB","PB"
"853","west","dp","one",121,2400,"PLOB","PB"
"854","west","dp","one",122,2420,"PLOB","PB"
"855","west","dp","one",123,2440,"PLOB","PB"
"856","west","dp","one",71,1400,"POCI","BL"
"857","west","dp","one",89,1760,"POCI","BL"
"858","west","dp","one",114,2260,"POCI","BL"
"859","west","dp","one",115,2280,"POCI","BL"
"860","west","dp","one",55,1080,"POCI","H"
"861","west","dp","one",126,2500,"POCI","H"
"862","west","dp","one",6,100,"POCI","P"
"863","west","dp","one",37,720,"POCI","P"
"864","west","dp","one",56,1100,"POCI","P"
"865","west","dp","one",57,1120,"POCI","P"
"866","west","dp","one",70,1380,"POCI","P"
"867","west","dp","one",85,1680,"POCI","P"
"868","west","dp","one",116,2300,"POCI","P"
"869","west","dp","one",117,2320,"POCI ","P"
"870","west","dp","one",10,180,"SAND","na"
"871","west","dp","one",25,480,"SAND","na"
"872","west","dp","one",30,580,"SAND","na"
"873","west","dp","one",35,680,"SAND","na"
"874","west","dp","one",45,880,"SAND","na"
"875","west","dp","one",50,980,"SAND","na"
"876","west","dp","one",90,1780,"SAND","na"
"877","west","dp","one",94,1860,"SAND","na"
"878","west","dp","one",100,1980,"SAND","na"
"879","west","dp","one",110,2180,"SAND","na"
"880","west","dp","one",60,1180,"TURF","FIL"
"881","west","dp","one",62,1220,"TURF","na"
"882","west","dp","one",64,1260,"TURF","na"
"883","west","dp","two",56,1100,"BARE","DC"
"884","west","dp","two",57,1120,"BARE","DC"
"885","west","dp","two",58,1140,"BARE","DC"
"886","west","dp","two",59,1160,"BARE","DC"
"887","west","dp","two",100,1980,"PLOB","H"
"888","west","dp","two",104,2060,"PLOB","H"
"889","west","dp","two",92,1820,"PLOB","P"
"890","west","dp","two",111,2200,"PLOB","P"
"891","west","dp","two",112,2220,"PLOB","P"
"892","west","dp","two",113,2240,"PLOB","P"
"893","west","dp","two",115,2280,"PLOB","P"
"894","west","dp","two",116,2300,"PLOB","P"
"895","west","dp","two",117,2320,"PLOB","P"
"896","west","dp","two",118,2340,"PLOB","P"
"897","west","dp","two",119,2360,"PLOB","P"
"898","west","dp","two",120,2380,"PLOB","P"
"899","west","dp","two",121,2400,"PLOB","P"
"900","west","dp","two",122,2420,"PLOB","P"
"901","west","dp","two",123,2440,"PLOB","P"
"902","west","dp","two",124,2460,"PLOB","P"
"903","west","dp","two",125,2480,"PLOB","P"
"904","west","dp","two",126,2500,"PLOB","P"
"905","west","dp","two",1,0,"PLOB","PB"
"906","west","dp","two",2,20,"PLOB","PB"
"907","west","dp","two",3,40,"PLOB","PB"
"908","west","dp","two",4,60,"PLOB","PB"
"909","west","dp","two",6,100,"PLOB","PB"
"910","west","dp","two",7,120,"PLOB","PB"
"911","west","dp","two",8,140,"PLOB","PB"
"912","west","dp","two",11,200,"PLOB","PB"
"913","west","dp","two",12,220,"PLOB","PB"
"914","west","dp","two",13,240,"PLOB","PB"
"915","west","dp","two",14,260,"PLOB","PB"
"916","west","dp","two",16,300,"PLOB","PB"
"917","west","dp","two",17,320,"PLOB","PB"
"918","west","dp","two",18,340,"PLOB","PB"
"919","west","dp","two",19,360,"PLOB","PB"
"920","west","dp","two",21,400,"PLOB","PB"
"921","west","dp","two",22,420,"PLOB","PB"
"922","west","dp","two",23,440,"PLOB","PB"
"923","west","dp","two",26,500,"PLOB","PB"
"924","west","dp","two",27,520,"PLOB","PB"
"925","west","dp","two",28,540,"PLOB","PB"
"926","west","dp","two",46,900,"PLOB","PB"
"927","west","dp","two",47,920,"PLOB","PB"
"928","west","dp","two",48,940,"PLOB","PB"
"929","west","dp","two",49,960,"PLOB","PB"
"930","west","dp","two",50,980,"PLOB","PB"
"931","west","dp","two",51,1000,"PLOB","PB"
"932","west","dp","two",52,1020,"PLOB","PB"
"933","west","dp","two",53,1040,"PLOB","PB"
"934","west","dp","two",54,1060,"PLOB","PB"
"935","west","dp","two",55,1080,"PLOB","PB"
"936","west","dp","two",60,1180,"PLOB","PB"
"937","west","dp","two",61,1200,"PLOB","PB"
"938","west","dp","two",62,1220,"PLOB","PB"
"939","west","dp","two",63,1240,"PLOB","PB"
"940","west","dp","two",64,1260,"PLOB","PB"
"941","west","dp","two",65,1280,"PLOB","PB"
"942","west","dp","two",66,1300,"PLOB","PB"
"943","west","dp","two",67,1320,"PLOB","PB"
"944","west","dp","two",68,1340,"PLOB","PB"
"945","west","dp","two",69,1360,"PLOB","PB"
"946","west","dp","two",70,1380,"PLOB","PB"
"947","west","dp","two",71,1400,"PLOB","PB"
"948","west","dp","two",72,1420,"PLOB","PB"
"949","west","dp","two",73,1440,"PLOB","PB"
"950","west","dp","two",74,1460,"PLOB","PB"
"951","west","dp","two",75,1480,"PLOB","PB"
"952","west","dp","two",76,1500,"PLOB","PB"
"953","west","dp","two",77,1520,"PLOB","PB"
"954","west","dp","two",78,1540,"PLOB","PB"
"955","west","dp","two",79,1560,"PLOB","PB"
"956","west","dp","two",80,1580,"PLOB","PB"
"957","west","dp","two",106,2100,"PLOB","PB"
"958","west","dp","two",107,2120,"PLOB","PB"
"959","west","dp","two",108,2140,"PLOB","PB"
"960","west","dp","two",9,160,"POCI","H"
"961","west","dp","two",91,1800,"POCI","H"
"962","west","dp","two",99,1960,"POCI","H"
"963","west","dp","two",105,2080,"POCI","H"
"964","west","dp","two",5,80,"POCI","P"
"965","west","dp","two",15,280,"POCI","P"
"966","west","dp","two",24,460,"POCI","P"
"967","west","dp","two",41,800,"POCI","P"
"968","west","dp","two",42,820,"POCI","P"
"969","west","dp","two",43,840,"POCI","P"
"970","west","dp","two",44,860,"POCI","P"
"971","west","dp","two",45,880,"POCI","P"
"972","west","dp","two",29,560,"POCI","PB"
"973","west","dp","two",114,2260,"POCI","PB"
"974","west","dp","two",10,180,"SAND","na"
"975","west","dp","two",20,380,"SAND","na"
"976","west","dp","two",25,480,"SAND","na"
"977","west","dp","two",30,580,"SAND","na"
"978","west","dp","two",31,600,"SAND","na"
"979","west","dp","two",32,620,"SAND","na"
"980","west","dp","two",33,640,"SAND","na"
"981","west","dp","two",34,660,"SAND","na"
"982","west","dp","two",35,680,"SAND","na"
"983","west","dp","two",36,700,"SAND","na"
"984","west","dp","two",37,720,"SAND","na"
"985","west","dp","two",38,740,"SAND","na"
"986","west","dp","two",39,760,"SAND","na"
"987","west","dp","two",40,780,"SAND","na"
"988","west","dp","two",81,1600,"SAND","na"
"989","west","dp","two",82,1620,"SAND","na"
"990","west","dp","two",83,1640,"SAND","na"
"991","west","dp","two",86,1700,"SAND","na"
"992","west","dp","two",87,1720,"SAND","na"
"993","west","dp","two",88,1740,"SAND","na"
"994","west","dp","two",93,1840,"SAND","na"
"995","west","dp","two",94,1860,"SAND","na"
"996","west","dp","two",95,1880,"SAND","na"
"997","west","dp","two",96,1900,"SAND","na"
"998","west","dp","two",97,1920,"SAND","na"
"999","west","dp","two",98,1940,"SAND","na"
"1000","west","dp","two",101,2000,"SAND","na"
"1001","west","dp","two",102,2020,"SAND","na"
"1002","west","dp","two",103,2040,"SAND","na"
"1003","west","dp","two",109,2160,"SAND","na"
"1004","west","dp","two",110,2180,"SAND","na"
"1005","west","dp","two",84,1660,"TURF","na"
"1006","west","dp","two",85,1680,"TURF","na"
"1007","west","dp","two",89,1760,"TURF","na"
"1008","west","dp","two",90,1780,"TURF","na"
"1009","se","sh","one",16,300,"BARE","DC"
"1010","se","sh","one",17,320,"BARE","DC"
"1011","se","sh","one",18,340,"BARE","DC"
"1012","se","sh","one",19,360,"BARE","DC"
"1013","se","sh","one",21,400,"BARE","DC"
"1014","se","sh","one",1,0,"BARE","ROCK"
"1015","se","sh","one",11,200,"BARE","ROCK"
"1016","se","sh","one",116,2300,"BARE","ROCK"
"1017","se","sh","one",122,2420,"BARE","ROCK"
"1018","se","sh","one",55,1080,"CCA","na"
"1019","se","sh","one",86,1700,"CCA","na"
"1020","se","sh","one",111,2200,"CCA","na"
"1021","se","sh","one",117,2320,"CCA","na"
"1022","se","sh","one",40,780,"FIL","ALG"
"1023","se","sh","one",123,2440,"FIL","ALG"
"1024","se","sh","one",20,380,"FIL","RED"
"1025","se","sh","one",2,20,"PLOB","H"
"1026","se","sh","one",22,420,"PLOB","H"
"1027","se","sh","one",23,440,"PLOB","H"
"1028","se","sh","one",24,460,"PLOB","H"
"1029","se","sh","one",25,480,"PLOB","H"
"1030","se","sh","one",31,600,"PLOB","H"
"1031","se","sh","one",14,260,"PLOB","P"
"1032","se","sh","one",15,280,"PLOB","P"
"1033","se","sh","one",26,500,"PLOB","P"
"1034","se","sh","one",27,520,"PLOB","P"
"1035","se","sh","one",41,800,"PLOB","P"
"1036","se","sh","one",42,820,"PLOB","P"
"1037","se","sh","one",51,1000,"PLOB","P"
"1038","se","sh","one",52,1020,"PLOB","P"
"1039","se","sh","one",61,1200,"PLOB","P"
"1040","se","sh","one",62,1220,"PLOB","P"
"1041","se","sh","one",66,1300,"PLOB","P"
"1042","se","sh","one",67,1320,"PLOB","P"
"1043","se","sh","one",68,1340,"PLOB","P"
"1044","se","sh","one",69,1360,"PLOB","P"
"1045","se","sh","one",70,1380,"PLOB","P"
"1046","se","sh","one",71,1400,"PLOB","P"
"1047","se","sh","one",72,1420,"PLOB","P"
"1048","se","sh","one",73,1440,"PLOB","P"
"1049","se","sh","one",74,1460,"PLOB","P"
"1050","se","sh","one",75,1480,"PLOB","P"
"1051","se","sh","one",80,1580,"PLOB","P"
"1052","se","sh","one",81,1600,"PLOB","P"
"1053","se","sh","one",82,1620,"PLOB","P"
"1054","se","sh","one",83,1640,"PLOB","P"
"1055","se","sh","one",84,1660,"PLOB","P"
"1056","se","sh","one",88,1740,"PLOB","P"
"1057","se","sh","one",89,1760,"PLOB","P"
"1058","se","sh","one",90,1780,"PLOB","P"
"1059","se","sh","one",109,2160,"PLOB","P"
"1060","se","sh","one",3,40,"POCI","H"
"1061","se","sh","one",63,1240,"POCI","H"
"1062","se","sh","one",64,1260,"POCI","H"
"1063","se","sh","one",65,1280,"POCI","H"
"1064","se","sh","one",91,1800,"POCI","H"
"1065","se","sh","one",92,1820,"POCI","H"
"1066","se","sh","one",93,1840,"POCI","H"
"1067","se","sh","one",96,1900,"POCI","H"
"1068","se","sh","one",97,1920,"POCI","H"
"1069","se","sh","one",98,1940,"POCI","H"
"1070","se","sh","one",99,1960,"POCI","H"
"1071","se","sh","one",100,1980,"POCI","H"
"1072","se","sh","one",110,2180,"POCI","H"
"1073","se","sh","one",112,2220,"POCI","H"
"1074","se","sh","one",4,60,"POCI","P"
"1075","se","sh","one",5,80,"POCI","P"
"1076","se","sh","one",6,100,"POCI","P"
"1077","se","sh","one",7,120,"POCI","P"
"1078","se","sh","one",8,140,"POCI","P"
"1079","se","sh","one",9,160,"POCI","P"
"1080","se","sh","one",10,180,"POCI","P"
"1081","se","sh","one",12,220,"POCI","P"
"1082","se","sh","one",13,240,"POCI","P"
"1083","se","sh","one",28,540,"POCI","P"
"1084","se","sh","one",29,560,"POCI","P"
"1085","se","sh","one",30,580,"POCI","P"
"1086","se","sh","one",32,620,"POCI","P"
"1087","se","sh","one",33,640,"POCI","P"
"1088","se","sh","one",34,660,"POCI","P"
"1089","se","sh","one",35,680,"POCI","P"
"1090","se","sh","one",36,700,"POCI","P"
"1091","se","sh","one",37,720,"POCI","P"
"1092","se","sh","one",38,740,"POCI","P"
"1093","se","sh","one",39,760,"POCI","P"
"1094","se","sh","one",43,840,"POCI","P"
"1095","se","sh","one",44,860,"POCI","P"
"1096","se","sh","one",45,880,"POCI","P"
"1097","se","sh","one",46,900,"POCI","P"
"1098","se","sh","one",47,920,"POCI","P"
"1099","se","sh","one",48,940,"POCI","P"
"1100","se","sh","one",49,960,"POCI","P"
"1101","se","sh","one",50,980,"POCI","P"
"1102","se","sh","one",53,1040,"POCI","P"
"1103","se","sh","one",54,1060,"POCI","P"
"1104","se","sh","one",56,1100,"POCI","P"
"1105","se","sh","one",57,1120,"POCI","P"
"1106","se","sh","one",58,1140,"POCI","P"
"1107","se","sh","one",59,1160,"POCI","P"
"1108","se","sh","one",60,1180,"POCI","P"
"1109","se","sh","one",76,1500,"POCI","P"
"1110","se","sh","one",77,1520,"POCI","P"
"1111","se","sh","one",78,1540,"POCI","P"
"1112","se","sh","one",79,1560,"POCI","P"
"1113","se","sh","one",94,1860,"POCI","P"
"1114","se","sh","one",95,1880,"POCI","P"
"1115","se","sh","one",101,2000,"POCI","P"
"1116","se","sh","one",102,2020,"POCI","P"
"1117","se","sh","one",103,2040,"POCI","P"
"1118","se","sh","one",104,2060,"POCI","P"
"1119","se","sh","one",105,2080,"POCI","P"
"1120","se","sh","one",106,2100,"POCI","P"
"1121","se","sh","one",107,2120,"POCI","P"
"1122","se","sh","one",108,2140,"POCI","P"
"1123","se","sh","one",113,2240,"POCI","P"
"1124","se","sh","one",114,2260,"POCI","P"
"1125","se","sh","one",115,2280,"POCI","P"
"1126","se","sh","one",118,2340,"POCI","P"
"1127","se","sh","one",119,2360,"POCI","P"
"1128","se","sh","one",120,2380,"POCI","P"
"1129","se","sh","one",121,2400,"POCI","P"
"1130","se","sh","one",124,2460,"POCI","P"
"1131","se","sh","one",125,2480,"POCI","P"
"1132","se","sh","one",126,2500,"POCI","P"
"1133","se","sh","one",85,1680,"POCI","PB"
"1134","se","sh","one",87,1720,"POCI","PB"
"1135","se","sh","two",81,1600,"BARE","DC"
"1136","se","sh","two",87,1720,"BARE","DC"
"1137","se","sh","two",1,0,"BARE","ROCK"
"1138","se","sh","two",16,300,"BARE","ROCK"
"1139","se","sh","two",21,400,"BARE","ROCK"
"1140","se","sh","two",31,600,"BARE","ROCK"
"1141","se","sh","two",51,1000,"BARE","ROCK"
"1142","se","sh","two",52,1020,"BARE","ROCK"
"1143","se","sh","two",53,1040,"BARE","ROCK"
"1144","se","sh","two",54,1060,"BARE","ROCK"
"1145","se","sh","two",55,1080,"BARE","ROCK"
"1146","se","sh","two",61,1200,"BARE","ROCK"
"1147","se","sh","two",62,1220,"BARE","ROCK"
"1148","se","sh","two",63,1240,"BARE","ROCK"
"1149","se","sh","two",64,1260,"BARE","ROCK"
"1150","se","sh","two",65,1280,"BARE","ROCK"
"1151","se","sh","two",66,1300,"BARE","ROCK"
"1152","se","sh","two",67,1320,"BARE","ROCK"
"1153","se","sh","two",68,1340,"BARE","ROCK"
"1154","se","sh","two",69,1360,"BARE","ROCK"
"1155","se","sh","two",70,1380,"BARE","ROCK"
"1156","se","sh","two",71,1400,"BARE","ROCK"
"1157","se","sh","two",72,1420,"BARE","ROCK"
"1158","se","sh","two",73,1440,"BARE","ROCK"
"1159","se","sh","two",74,1460,"BARE","ROCK"
"1160","se","sh","two",75,1480,"BARE","ROCK"
"1161","se","sh","two",78,1540,"BARE","ROCK"
"1162","se","sh","two",79,1560,"BARE","ROCK"
"1163","se","sh","two",80,1580,"BARE","ROCK"
"1164","se","sh","two",86,1700,"BARE","ROCK"
"1165","se","sh","two",91,1800,"BARE","ROCK"
"1166","se","sh","two",92,1820,"BARE","ROCK"
"1167","se","sh","two",93,1840,"BARE","ROCK"
"1168","se","sh","two",94,1860,"BARE","ROCK"
"1169","se","sh","two",95,1880,"BARE","ROCK"
"1170","se","sh","two",101,2000,"BARE","ROCK"
"1171","se","sh","two",102,2020,"BARE","ROCK"
"1172","se","sh","two",103,2040,"BARE","ROCK"
"1173","se","sh","two",104,2060,"BARE","ROCK"
"1174","se","sh","two",105,2080,"BARE","ROCK"
"1175","se","sh","two",117,2320,"BARE","ROCK"
"1176","se","sh","two",118,2340,"BARE","ROCK"
"1177","se","sh","two",119,2360,"BARE","ROCK"
"1178","se","sh","two",120,2380,"BARE","ROCK"
"1179","se","sh","two",121,2400,"BARE","ROCK"
"1180","se","sh","two",2,20,"CCA","na"
"1181","se","sh","two",17,320,"CCA","na"
"1182","se","sh","two",32,620,"CCA","na"
"1183","se","sh","two",36,700,"CCA","na"
"1184","se","sh","two",76,1500,"CCA","na"
"1185","se","sh","two",97,1920,"MA","HAL"
"1186","se","sh","two",33,640,"PLOB","H"
"1187","se","sh","two",34,660,"PLOB","H"
"1188","se","sh","two",35,680,"PLOB","H"
"1189","se","sh","two",98,1940,"PLOB","H"
"1190","se","sh","two",99,1960,"PLOB","H"
"1191","se","sh","two",100,1980,"PLOB","H"
"1192","se","sh","two",15,280,"PLOB","P"
"1193","se","sh","two",18,340,"PLOB","P"
"1194","se","sh","two",19,360,"PLOB","P"
"1195","se","sh","two",20,380,"PLOB","P"
"1196","se","sh","two",56,1100,"PLOB","P"
"1197","se","sh","two",57,1120,"PLOB","P"
"1198","se","sh","two",58,1140,"PLOB","P"
"1199","se","sh","two",59,1160,"PLOB","P"
"1200","se","sh","two",60,1180,"PLOB","P"
"1201","se","sh","two",96,1900,"POCI","BL"
"1202","se","sh","two",22,420,"POCI","H"
"1203","se","sh","two",23,440,"POCI","H"
"1204","se","sh","two",24,460,"POCI","H"
"1205","se","sh","two",25,480,"POCI","H"
"1206","se","sh","two",26,500,"POCI","H"
"1207","se","sh","two",27,520,"POCI","H"
"1208","se","sh","two",28,540,"POCI","H"
"1209","se","sh","two",29,560,"POCI","H"
"1210","se","sh","two",30,580,"POCI","H"
"1211","se","sh","two",3,40,"POCI","P"
"1212","se","sh","two",4,60,"POCI","P"
"1213","se","sh","two",5,80,"POCI","P"
"1214","se","sh","two",6,100,"POCI","P"
"1215","se","sh","two",7,120,"POCI","P"
"1216","se","sh","two",8,140,"POCI","P"
"1217","se","sh","two",9,160,"POCI","P"
"1218","se","sh","two",10,180,"POCI","P"
"1219","se","sh","two",11,200,"POCI","P"
"1220","se","sh","two",12,220,"POCI","P"
"1221","se","sh","two",13,240,"POCI","P"
"1222","se","sh","two",14,260,"POCI","P"
"1223","se","sh","two",37,720,"POCI","P"
"1224","se","sh","two",38,740,"POCI","P"
"1225","se","sh","two",39,760,"POCI","P"
"1226","se","sh","two",40,780,"POCI","P"
"1227","se","sh","two",41,800,"POCI","P"
"1228","se","sh","two",42,820,"POCI","P"
"1229","se","sh","two",43,840,"POCI","P"
"1230","se","sh","two",44,860,"POCI","P"
"1231","se","sh","two",45,880,"POCI","P"
"1232","se","sh","two",46,900,"POCI","P"
"1233","se","sh","two",47,920,"POCI","P"
"1234","se","sh","two",48,940,"POCI","P"
"1235","se","sh","two",49,960,"POCI","P"
"1236","se","sh","two",50,980,"POCI","P"
"1237","se","sh","two",77,1520,"POCI","P"
"1238","se","sh","two",82,1620,"POCI","P"
"1239","se","sh","two",83,1640,"POCI","P"
"1240","se","sh","two",84,1660,"POCI","P"
"1241","se","sh","two",85,1680,"POCI","P"
"1242","se","sh","two",88,1740,"POCI","P"
"1243","se","sh","two",89,1760,"POCI","P"
"1244","se","sh","two",90,1780,"POCI","P"
"1245","se","sh","two",111,2200,"POCI","P"
"1246","se","sh","two",112,2220,"POCI","P"
"1247","se","sh","two",113,2240,"POCI","P"
"1248","se","sh","two",114,2260,"POCI","P"
"1249","se","sh","two",115,2280,"POCI","P"
"1250","se","sh","two",116,2300,"POCI","P"
"1251","se","sh","two",122,2420,"POCI","P"
"1252","se","sh","two",123,2440,"POCI","P"
"1253","se","sh","two",124,2460,"POCI","P"
"1254","se","sh","two",125,2480,"POCI","P"
"1255","se","sh","two",126,2500,"POCI","P"
"1256","se","sh","two",106,2100,"POCI","PB"
"1257","se","sh","two",107,2120,"POCI","PB"
"1258","se","sh","two",108,2140,"POCI","PB"
"1259","se","sh","two",109,2160,"POCI","PB"
"1260","se","sh","two",110,2180,"POCI","PB"
"1261","se","dp","one",1,0,"POCI","BL"
"1262","se","dp","one",2,20,"PLOB","H"
"1263","se","dp","one",3,40,"PLOB","H"
"1264","se","dp","one",4,60,"PLOB","H"
"1265","se","dp","one",5,80,"PLOB","H"
"1266","se","dp","one",6,100,"ROCK","BARE"
"1267","se","dp","one",7,120,"PLOB","P"
"1268","se","dp","one",8,140,"PLOB","P"
"1269","se","dp","one",9,160,"PLOB","P"
"1270","se","dp","one",10,180,"POCI","H"
"1271","se","dp","one",11,200,"POCI","H"
"1272","se","dp","one",12,220,"PLOB","H"
"1273","se","dp","one",13,240,"POCI","P"
"1274","se","dp","one",14,260,"POCI","P"
"1275","se","dp","one",15,280,"POCI","P"
"1276","se","dp","one",16,300,"PLOB","P"
"1277","se","dp","one",17,320,"PLOB","P"
"1278","se","dp","one",18,340,"PLOB","H"
"1279","se","dp","one",19,360,"na","na"
"1280","se","dp","one",20,380,"na","na"
"1281","se","dp","one",21,400,"POCI","P"
"1282","se","dp","one",22,420,"POCI","P"
"1283","se","dp","one",23,440,"POCI","P"
"1284","se","dp","one",24,460,"PLOB","P"
"1285","se","dp","one",25,480,"PLOB","P"
"1286","se","dp","one",26,500,"POCI","PB"
"1287","se","dp","one",27,520,"POCI","PB"
"1288","se","dp","one",28,540,"POCI","PB"
"1289","se","dp","one",29,560,"POCI","PB"
"1290","se","dp","one",30,580,"POCI","PB"
"1291","se","dp","one",31,600,"POCI","PB"
"1292","se","dp","one",32,620,"POCI","PB"
"1293","se","dp","one",33,640,"POCI","PB"
"1294","se","dp","one",34,660,"POCI","PB"
"1295","se","dp","one",35,680,"POCI","PB"
"1296","se","dp","one",36,700,"PLOB","H"
"1297","se","dp","one",37,720,"PLOB","H"
"1298","se","dp","one",38,740,"POCI","P"
"1299","se","dp","one",39,760,"POCI","P"
"1300","se","dp","one",40,780,"POCI","P"
"1301","se","dp","one",41,800,"POCI","P"
"1302","se","dp","one",42,820,"POCI","P"
"1303","se","dp","one",43,840,"POCI","P"
"1304","se","dp","one",44,860,"POCI","P"
"1305","se","dp","one",45,880,"PLOB","H"
"1306","se","dp","one",46,900,"POCI","H"
"1307","se","dp","one",47,920,"ROCK","BARE"
"1308","se","dp","one",48,940,"ROCK","BARE"
"1309","se","dp","one",49,960,"ROCK","BARE"
"1310","se","dp","one",50,980,"ROCK","BARE"
"1311","se","dp","one",51,1000,"ROCK","BARE"
"1312","se","dp","one",52,1020,"ROCK","BARE"
"1313","se","dp","one",53,1040,"ROCK","BARE"
"1314","se","dp","one",54,1060,"ROCK","BARE"
"1315","se","dp","one",55,1080,"DC","POCI"
"1316","se","dp","one",56,1100,"ROCK","BARE"
"1317","se","dp","one",57,1120,"ROCK","BARE"
"1318","se","dp","one",58,1140,"ROCK","BARE"
"1319","se","dp","one",59,1160,"ROCK","BARE"
"1320","se","dp","one",60,1180,"POCI","PB"
"1321","se","dp","one",61,1200,"ROCK","BARE"
"1322","se","dp","one",62,1220,"POCI","PB"
"1323","se","dp","one",63,1240,"POCI","PB"
"1324","se","dp","one",64,1260,"POCI","PB"
"1325","se","dp","one",65,1280,"POCI","PB"
"1326","se","dp","one",66,1300,"ROCK","BARE"
"1327","se","dp","one",67,1320,"POCI","PB"
"1328","se","dp","one",68,1340,"POCI","PB"
"1329","se","dp","one",69,1360,"POCI","PB"
"1330","se","dp","one",70,1380,"POCI","PB"
"1331","se","dp","one",71,1400,"ROCK","BARE"
"1332","se","dp","one",72,1420,"POCI","PB"
"1333","se","dp","one",73,1440,"POCI","PB"
"1334","se","dp","one",74,1460,"POCI","PB"
"1335","se","dp","one",75,1480,"POCI","PB"
"1336","se","dp","one",76,1500,"ROCK","BARE"
"1337","se","dp","one",77,1520,"POCI","P"
"1338","se","dp","one",78,1540,"POCI","P"
"1339","se","dp","one",79,1560,"POCI","P"
"1340","se","dp","one",80,1580,"POCI","P"
"1341","se","dp","one",81,1600,"ROCK","BARE"
"1342","se","dp","one",82,1620,"PLOB","H"
"1343","se","dp","one",83,1640,"POCI","H"
"1344","se","dp","one",84,1660,"POCI","H"
"1345","se","dp","one",85,1680,"POCI","H"
"1346","se","dp","one",86,1700,"ROCK","BARE"
"1347","se","dp","one",87,1720,"ROCK","BARE"
"1348","se","dp","one",88,1740,"ROCK","BARE"
"1349","se","dp","one",89,1760,"ROCK","BARE"
"1350","se","dp","one",90,1780,"ROCK","BARE"
"1351","se","dp","one",91,1800,"ROCK","BARE"
"1352","se","dp","one",92,1820,"PLOB","H"
"1353","se","dp","one",93,1840,"POCI","H"
"1354","se","dp","one",94,1860,"POCI","H"
"1355","se","dp","one",95,1880,"ROCK","BARE"
"1356","se","dp","one",96,1900,"ROCK","BARE"
"1357","se","dp","one",97,1920,"PLOB","P"
"1358","se","dp","one",98,1940,"PLOB","P"
"1359","se","dp","one",99,1960,"PLOB","P"
"1360","se","dp","one",100,1980,"POCI","H"
"1361","se","dp","one",101,2000,"POCI","H"
"1362","se","dp","one",102,2020,"ROCK","BARE"
"1363","se","dp","one",103,2040,"ROCK","BARE"
"1364","se","dp","one",104,2060,"PLOB","P"
"1365","se","dp","one",105,2080,"PLOB","P"
"1366","se","dp","one",106,2100,"PLOB","P"
"1367","se","dp","one",107,2120,"POCI","PB"
"1368","se","dp","one",108,2140,"POCI","PB"
"1369","se","dp","one",109,2160,"ROCK","BARE"
"1370","se","dp","one",110,2180,"ROCK","BARE"
"1371","se","dp","one",111,2200,"ROCK","BARE"
"1372","se","dp","one",112,2220,"ROCK","BARE"
"1373","se","dp","one",113,2240,"PLOB","P"
"1374","se","dp","one",114,2260,"PLOB","P"
"1375","se","dp","one",115,2280,"PLOB","P"
"1376","se","dp","one",116,2300,"PLOB","P"
"1377","se","dp","one",117,2320,"PLOB","P"
"1378","se","dp","one",118,2340,"POCI","PB"
"1379","se","dp","one",119,2360,"POCI","PB"
"1380","se","dp","one",120,2380,"PLOB","P"
"1381","se","dp","one",121,2400,"PLOB","P"
"1382","se","dp","one",122,2420,"PLOB","P"
"1383","se","dp","one",123,2440,"PLOB","P"
"1384","se","dp","one",124,2460,"PLOB","P"
"1385","se","dp","one",125,2480,"POCI","P"
"1386","se","dp","one",126,2500,"POCI","P"
"1387","se","dp","two",1,0,"PLOB","na"
"1388","se","dp","two",2,20,"POCI","na"
"1389","se","dp","two",3,40,"POCI","na"
"1390","se","dp","two",4,60,"PLOB","na"
"1391","se","dp","two",5,80,"POCI","PB"
"1392","se","dp","two",6,100,"POCI","PB"
"1393","se","dp","two",7,120,"POCI","PB"
"1394","se","dp","two",8,140,"ROCK","BARE"
"1395","se","dp","two",9,160,"ROCK","BARE"
"1396","se","dp","two",10,180,"POCI","P"
"1397","se","dp","two",11,200,"ROCK","BARE"
"1398","se","dp","two",12,220,"POCI","na"
"1399","se","dp","two",13,240,"POCI","na"
"1400","se","dp","two",14,260,"POCI","na"
"1401","se","dp","two",15,280,"POCI","na"
"1402","se","dp","two",16,300,"ROCK","BARE"
"1403","se","dp","two",17,320,"ROCK","BARE"
"1404","se","dp","two",18,340,"POCI","na"
"1405","se","dp","two",19,360,"POCI","P"
"1406","se","dp","two",20,380,"POCI","P"
"1407","se","dp","two",21,400,"POCI","na"
"1408","se","dp","two",22,420,"ROCK","BARE"
"1409","se","dp","two",23,440,"ROCK","BARE"
"1410","se","dp","two",24,460,"POCI","na"
"1411","se","dp","two",25,480,"POCI","na"
"1412","se","dp","two",26,500,"POCI","na"
"1413","se","dp","two",27,520,"POCI","P"
"1414","se","dp","two",28,540,"POCI","P"
"1415","se","dp","two",29,560,"POCI","P"
"1416","se","dp","two",30,580,"POCI","na"
"1417","se","dp","two",31,600,"POCI","na"
"1418","se","dp","two",32,620,"POCI","na"
"1419","se","dp","two",33,640,"CCA","na"
"1420","se","dp","two",34,660,"POCI","P"
"1421","se","dp","two",35,680,"POCI","P"
"1422","se","dp","two",36,700,"PLOB","na"
"1423","se","dp","two",37,720,"PLOB","PB"
"1424","se","dp","two",38,740,"ROCK","BARE"
"1425","se","dp","two",39,760,"PLOB","na"
"1426","se","dp","two",40,780,"POCI","P"
"1427","se","dp","two",41,800,"DC","BARE"
"1428","se","dp","two",42,820,"POCI","P"
"1429","se","dp","two",43,840,"POCI","BL"
"1430","se","dp","two",44,860,"PLOB","na"
"1431","se","dp","two",45,880,"POCI","na"
"1432","se","dp","two",46,900,"POCI","P"
"1433","se","dp","two",47,920,"POCI","P"
"1434","se","dp","two",48,940,"POCI","P"
"1435","se","dp","two",49,960,"POCI","P"
"1436","se","dp","two",50,980,"POCI","PB"
"1437","se","dp","two",51,1000,"PLOB","na"
"1438","se","dp","two",52,1020,"ROCK","BARE"
"1439","se","dp","two",53,1040,"POCI","PB"
"1440","se","dp","two",54,1060,"PLOB","PB"
"1441","se","dp","two",55,1080,"POCI","na"
"1442","se","dp","two",56,1100,"PLOB","na"
"1443","se","dp","two",57,1120,"PLOB","na"
"1444","se","dp","two",58,1140,"PLOB","P"
"1445","se","dp","two",59,1160,"PLOB","na"
"1446","se","dp","two",60,1180,"PLOB","na"
"1447","se","dp","two",61,1200,"POCI","P"
"1448","se","dp","two",62,1220,"PLOB","na"
"1449","se","dp","two",63,1240,"DC","BARE"
"1450","se","dp","two",64,1260,"POCI","PB"
"1451","se","dp","two",65,1280,"POCI","BL"
"1452","se","dp","two",66,1300,"POCI","na"
"1453","se","dp","two",67,1320,"POCI","na"
"1454","se","dp","two",68,1340,"ROCK","BARE"
"1455","se","dp","two",69,1360,"POCI","na"
"1456","se","dp","two",70,1380,"POCI","PB"
"1457","se","dp","two",71,1400,"POCI","PB"
"1458","se","dp","two",72,1420,"PLOB","na"
"1459","se","dp","two",73,1440,"PLOB","na"
"1460","se","dp","two",74,1460,"PLOB","na"
"1461","se","dp","two",75,1480,"PLOB","na"
"1462","se","dp","two",76,1500,"PLOB","na"
"1463","se","dp","two",77,1520,"PLOB","na"
"1464","se","dp","two",78,1540,"POCI","na"
"1465","se","dp","two",79,1560,"CCA","na"
"1466","se","dp","two",80,1580,"CCA","na"
"1467","se","dp","two",81,1600,"CCA","na"
"1468","se","dp","two",82,1620,"PLOB","na"
"1469","se","dp","two",83,1640,"CCA","na"
"1470","se","dp","two",84,1660,"POCI","na"
"1471","se","dp","two",85,1680,"CCA","na"
"1472","se","dp","two",86,1700,"PLOB","na"
"1473","se","dp","two",87,1720,"DC","BARE"
"1474","se","dp","two",88,1740,"PLOB","P"
"1475","se","dp","two",89,1760,"POCI","na"
"1476","se","dp","two",90,1780,"POCI","na"
"1477","se","dp","two",91,1800,"POCI","PB"
"1478","se","dp","two",92,1820,"POCI","P"
"1479","se","dp","two",93,1840,"POCI","na"
"1480","se","dp","two",94,1860,"POCI","na"
"1481","se","dp","two",95,1880,"POCI","na"
"1482","se","dp","two",96,1900,"POCI","na"
"1483","se","dp","two",97,1920,"POCI","na"
"1484","se","dp","two",98,1940,"POCI","na"
"1485","se","dp","two",99,1960,"POCI","na"
"1486","se","dp","two",100,1980,"POCI","na"
"1487","se","dp","two",101,2000,"PLOB","na"
"1488","se","dp","two",102,2020,"PLOB","na"
"1489","se","dp","two",103,2040,"PLOB","na"
"1490","se","dp","two",104,2060,"PLOB","na"
"1491","se","dp","two",105,2080,"PLOB","na"
"1492","se","dp","two",106,2100,"na","na"
"1493","se","dp","two",107,2120,"na","na"
"1494","se","dp","two",108,2140,"na","na"
"1495","se","dp","two",109,2160,"na","na"
"1496","se","dp","two",110,2180,"na","na"
"1497","se","dp","two",111,2200,"na","na"
"1498","se","dp","two",112,2220,"na","na"
"1499","se","dp","two",113,2240,"na","na"
"1500","se","dp","two",114,2260,"na","na"
"1501","se","dp","two",115,2280,"na","na"
"1502","se","dp","two",116,2300,"na","na"
"1503","se","dp","two",117,2320,"na","na"
"1504","se","dp","two",118,2340,"na","na"
"1505","se","dp","two",119,2360,"na","na"
"1506","se","dp","two",120,2380,"na","na"
"1507","se","dp","two",121,2400,"na","na"
"1508","se","dp","two",122,2420,"na","na"
"1509","se","dp","two",123,2440,"na","na"
"1510","se","dp","two",124,2460,"na","na"
"1511","se","dp","two",125,2480,"na","na"
"1512","se","dp","two",126,2500,"na","na"
