location,depth,transect,photo,pt1,pt2,pt3,pt4,pt5,pt6,pt7,pt8,pt9,pt10,pt11,pt12,pt13,pt14,pt15,pt16,pt17,pt18,pt19,pt20,pt21,pt22,pt23,pt24,pt25,pt26,pt27,pt28,pt29,pt30,pt31,pt32,pt33,pt34,pt35,pt36,pt37,pt38,pt39,pt40,pt41,pt42,pt43,pt44,pt45,pt46,pt47,pt48,pt49,pt50,pt51,pt52,pt53,pt54,pt55,pt56,pt57,pt58,pt59,pt60,pt61,pt62,pt63,pt64,pt65,pt66,pt67,pt68,pt69,pt70,pt71,pt72,pt73,pt74,pt75,pt76,pt77,pt78,pt79,pt80,pt81,pt82,pt83,pt84,pt85,pt86,pt87,pt88,pt89,pt90,pt91,pt92,pt93,pt94,pt95,pt96,pt97,pt98,pt99,pt100,,,,,,,,,,,,,,,,,,,,,,,,,,,,,,,,,,,,,,,,,,,,,,,,,,,,,,,,,,,,,,,,,,,,,,,,,,,,,,,,,,,,,,,,,,,,,,,,,,,,,,,,,,,,,,,,,,,,,,,,,,,,,,,,,,,,,,,,,,,,,,,,,,,,,,,,,,,,,,,,,,,,,,,,,,,,,,,,,,,,,,,,,,,,,,,,,,,,,,,,
se,md,one,t1_1,PVER,PVER,PVER,PVER,PVER,CALC,PLOB,PLOB,PVER,PVER,UNK,EAM,O,PVER,PVER,PLOB,UNK,PVER,PLOB,PVER,PVER,UNK,PVER,CALC,PLOB,PVER,SPR,PLOB,PLOB,PLOB,CALC,PLOB,PLOB,PVER,PVER,PVER,CALC,PLOB,PLOB,CALC,SPR,PVER,PVER,PVER,PVER,PVER,O,PLOB,PLOB,CALC,PVER,PVER,PVER,PVER,PLOB,PLOB,O,PLOB,CALC,CALC,PVER,TAPE,PVER,PVER,PVER,O,PLOB,PLOB,CALC,CALC,TAPE,TAPE,EAM,EAM,EAM,PLOB,PLOB,PLOB,PLOB,O,EAM,EAM,PVER,EAM,EAM,SPR,PLOB,PLOB,PLOB,PLOB,PVER,SPR,SPR,SPR,PVER,PLOB,PLOB,PLOB,PLOB,PLOB,,,,,,,,,,,,,,,,,,,,,,,,,,,,,,,,,,,,,,,,,,,,,,,,,,,,,,,,,,,,,,,,,,,,,,,,,,,,,,,,,,,,,,,,,,,,,,,,,,,,,,,,,,,,,,,,,,,,,,,,,,,,,,,,,,,,,,,,,,,,,,,,,,,,,,,,,,,,,,,,,,,,,,,,,,,,,,,,,,,,,,,,,,,,,,,,,,,,,,,,
se,md,one,t1_2,EAM,PVER,PVER,PVER,SPR,SPR,PLOB,PLOB,PLOB,PVER,PVER,PVER,PVER,PVER,CALC,CALC,CALC,PVER,PLOB,PVER,O,O,PLOB,CALC,CALC,CALC,PLOB,PVER,PVER,PLOB,PLOB,EAM,PLOB,PVER,CALC,CALC,PLOB,PVER,PVER,PLOB,EAM,EAM,PLOB,PLOB,PLOB,PLOB,PLOB,PVER,PVER,EAM,O,O,PLOB,PLOB,PLOB,PLOB,PVER,PVER,PVER,PLOB,PLOB,PLOB,PLOB,PLOB,PLOB,PLOB,PLOB,PLOB,PLOB,PVER,CALC,BASA,PLOB,BASA,CALC,BASA,BASA,BASA,BASA,PVER,CALC,BASA,BASA,BASA,BASA,BASA,BASA,BASA,BASA,BASA,SHAD,BASA,CALC,CALC,CALC,BASA,CCA,BASA,BASA,CCA,,,,,,,,,,,,,,,,,,,,,,,,,,,,,,,,,,,,,,,,,,,,,,,,,,,,,,,,,,,,,,,,,,,,,,,,,,,,,,,,,,,,,,,,,,,,,,,,,,,,,,,,,,,,,,,,,,,,,,,,,,,,,,,,,,,,,,,,,,,,,,,,,,,,,,,,,,,,,,,,,,,,,,,,,,,,,,,,,,,,,,,,,,,,,,,,,,,,,,,,
se,md,one,t1_3,PVER,PVER,PVER,PVER,SHAD,SHAD,PVER,PVER,PVER,PVER,PVER,PVER,PVER,PVER,EAM,EAM,PVER,PVER,PVER,PVER,SHAD,PVER,PVER,CALC,EAM,PLOB,PLOB,PVER,EAM,EAM,SHAD,PVER,PVER,CALC,PLOB,PLOB,PLOB,PLOB,EAM,PLOB,EAM,EAM,EAM,PLOB,PLOB,PLOB,EAM,PVER,PVER,PVER,PLOB,PVER,EAM,EAM,EAM,EAM,EAM,EAM,PVER,O,PVER,PVER,PVER,PVER,PVER,EAM,EAM,EAM,PLOB,EAM,PVER,PVER,PVER,PVER,EAM,EAM,EAM,BASA,O,EAM,PLOB,PVER,PVER,PVER,PLOB,CALC,PLOB,CCA,CCA,EAM,EAM,PLOB,PLOB,PLOB,PLOB,O,PLOB,EAM,WAND,CALC,,,,,,,,,,,,,,,,,,,,,,,,,,,,,,,,,,,,,,,,,,,,,,,,,,,,,,,,,,,,,,,,,,,,,,,,,,,,,,,,,,,,,,,,,,,,,,,,,,,,,,,,,,,,,,,,,,,,,,,,,,,,,,,,,,,,,,,,,,,,,,,,,,,,,,,,,,,,,,,,,,,,,,,,,,,,,,,,,,,,,,,,,,,,,,,,,,,,,,,,
se,md,one,t1_4,EAM,PLOB,EAM,SHAD,SHAD,EAM,EAM,EAM,EAM,CALC,PLOB,EAM,EAM,EAM,PLOB,EAM,EAM,PVER,PVER,PVER,EAM,EAM,EAM,EAM,PVER,PVER,PVER,PVER,PVER,PVER,EAM,EAM,EAM,EAM,PVER,PVER,PVER,EAM,PLOB,EAM,PLOB,PLOB,EAM,PVER,PLOB,PVER,PVER,EAM,PLOB,EAM,EAM,EAM,PVER,PVER,PVER,PVER,PVER,EAM,PLOB,CALC,EAM,PVER,PVER,PVER,PVER,EAM,PLOB,O,PLOB,BASA,CALC,CALC,PVER,PVER,O,PLOB,EAM,PLOB,PLOB,PVER,PVER,TAPE,PVER,CALC,PVER,PVER,EAM,EAM,PVER,PVER,PVER,PVER,UNK,PLOB,PVER,PVER,PLOB,PVER,PVER,PVER,,,,,,,,,,,,,,,,,,,,,,,,,,,,,,,,,,,,,,,,,,,,,,,,,,,,,,,,,,,,,,,,,,,,,,,,,,,,,,,,,,,,,,,,,,,,,,,,,,,,,,,,,,,,,,,,,,,,,,,,,,,,,,,,,,,,,,,,,,,,,,,,,,,,,,,,,,,,,,,,,,,,,,,,,,,,,,,,,,,,,,,,,,,,,,,,,,,,,,,,
se,md,one,t1_5,PVER,PVER,PVER,EAM,O,PVER,PVER,PVER,PVER,PVER,EAM,EAM,PVER,EAM,UNK,UNK,PVER,PVER,PVER,PVER,EAM,EAM,EAM,EAM,CALC,EAM,EAM,PVER,PVER,PVER,PLOB,PLOB,PLOB,CALC,CALC,PLOB,PVER,PVER,PVER,PVER,PVER,O,EAM,EAM,PVER,PVER,PVER,PLOB,PLOB,O,PVER,EAM,EAM,PVER,PVER,PVER,PVER,PVER,PLOB,CALC,BASA,CCA,CCA,EAM,EAM,EAM,TAPE,O,PVER,CALC,PVER,PVER,PVER,PVER,BASA,BASA,O,PVER,PVER,PVER,PVER,PVER,PVER,PVER,PVER,CALC,PVER,PVER,PVER,EAM,PVER,PVER,EAM,BASA,PLOB,PLOB,PVER,PVER,PVER,PVER,,,,,,,,,,,,,,,,,,,,,,,,,,,,,,,,,,,,,,,,,,,,,,,,,,,,,,,,,,,,,,,,,,,,,,,,,,,,,,,,,,,,,,,,,,,,,,,,,,,,,,,,,,,,,,,,,,,,,,,,,,,,,,,,,,,,,,,,,,,,,,,,,,,,,,,,,,,,,,,,,,,,,,,,,,,,,,,,,,,,,,,,,,,,,,,,,,,,,,,,
se,md,one,t1_6,PVER,EAM,PVER,PVER,PVER,PVER,PVER,EAM,EAM,EAM,PVER,PVER,EAM,PVER,PVER,PVER,PVER,PVER,O,O,PVER,PVER,PVER,BASA,PVER,PVER,PVER,PVER,O,PVER,PVER,PVER,PVER,BASA,UNK,CCA,CCA,EAM,PVER,PVER,BASA,EAM,EAM,EAM,EAM,EAM,PVER,PVER,PVER,PVER,PLOB,EAM,EAM,BASA,EAM,HALI,PVER,PVER,PVER,PVER,PVER,PVER,PVER,PVER,PLOB,PLOB,PVER,TAPE,PVER,EAM,PVER,PVER,PLOB,PVER,PLOB,PVER,PVER,PVER,EAM,EAM,PLOB,PLOB,PVER,PVER,PLOB,EAM,PLOB,EAM,EAM,EAM,PVER,PVER,PVER,PVER,O,O,EAM,PLOB,PLOB,EAM,,,,,,,,,,,,,,,,,,,,,,,,,,,,,,,,,,,,,,,,,,,,,,,,,,,,,,,,,,,,,,,,,,,,,,,,,,,,,,,,,,,,,,,,,,,,,,,,,,,,,,,,,,,,,,,,,,,,,,,,,,,,,,,,,,,,,,,,,,,,,,,,,,,,,,,,,,,,,,,,,,,,,,,,,,,,,,,,,,,,,,,,,,,,,,,,,,,,,,,,
se,md,one,t1_7,EAM,PLOB,PVER,PVER,PVER,PVER,PVER,EAM,EAM,EAM,EAM,UNK,PVER,PVER,SHAD,PVER,EAM,EAM,EAM,PVER,EAM,EAM,PLOB,EAM,SHAD,EAM,BASA,EAM,PVER,PVER,PVER,PVER,EAM,EAM,CALC,EAM,EAM,PVER,PVER,PVER,PVER,PVER,BASA,BASA,EAM,PVER,PVER,PVER,PVER,PVER,PVER,EAM,CALC,EAM,PVER,PVER,PVER,PVER,PLOB,PVER,EAM,TAPE,PLOB,PVER,PLOB,PLOB,PLOB,PLOB,PVER,PLOB,PVER,PLOB,PVER,PVER,PVER,PLOB,EAM,PVER,PLOB,EAM,PLOB,PLOB,PVER,PVER,PVER,PVER,PVER,PVER,EAM,O,EAM,CALC,EAM,PVER,PVER,PVER,PVER,EAM,EAM,PVER,,,,,,,,,,,,,,,,,,,,,,,,,,,,,,,,,,,,,,,,,,,,,,,,,,,,,,,,,,,,,,,,,,,,,,,,,,,,,,,,,,,,,,,,,,,,,,,,,,,,,,,,,,,,,,,,,,,,,,,,,,,,,,,,,,,,,,,,,,,,,,,,,,,,,,,,,,,,,,,,,,,,,,,,,,,,,,,,,,,,,,,,,,,,,,,,,,,,,,,,
se,md,one,t1_8,PVER,PVER,PVER,PVER,BASA,BASA,SHAD,BASA,O,PVER,CALC,CALC,PVER,PVER,BASA,SHAD,PVER,PVER,PVER,PVER,EAM,EAM,EAM,BASA,BASA,BASA,PVER,PVER,PVER,PVER,PVER,PVER,BASA,BASA,CCA,CCA,BASA,O,WAND,PVER,PVER,PVER,EAM,EAM,EAM,EAM,EAM,EAM,PVER,PVER,PVER,PVER,EAM,PVER,PVER,EAM,EAM,PVER,PVER,EAM,PVER,PLOB,PVER,PVER,PLOB,EAM,PLOB,PVER,PVER,PVER,PVER,PVER,PVER,PVER,PLOB,PVER,PVER,PVER,PVER,PVER,PVER,PVER,PVER,PVER,PVER,PVER,PVER,TURF,PLOB,CALC,PLOB,UNK,PVER,PVER,PVER,UNK,UNK,EAM,PVER,UNK,,,,,,,,,,,,,,,,,,,,,,,,,,,,,,,,,,,,,,,,,,,,,,,,,,,,,,,,,,,,,,,,,,,,,,,,,,,,,,,,,,,,,,,,,,,,,,,,,,,,,,,,,,,,,,,,,,,,,,,,,,,,,,,,,,,,,,,,,,,,,,,,,,,,,,,,,,,,,,,,,,,,,,,,,,,,,,,,,,,,,,,,,,,,,,,,,,,,,,,,
se,md,one,t1_9,EAM,EAM,EAM,PVER,PVER,PVER,PVER,EAM,CALC,UNK,EAM,EAM,SHAD,SPR,SPR,PVER,PVER,PVER,EAM,PVER,PVER,CALC,CALC,SHAD,PVER,PLOB,EAM,PVER,PVER,PVER,PVER,SHAD,SHAD,EAM,PLOB,PVER,PLOB,PVER,PVER,PVER,PVER,PVER,PLOB,PLOB,PVER,PLOB,PLOB,PLOB,PVER,PVER,EAM,PVER,PVER,EAM,PLOB,PVER,PVER,PVER,PLOB,EAM,PVER,PVER,PVER,PVER,TAPE,PVER,PVER,PVER,PLOB,SPR,PVER,PVER,PVER,PVER,PVER,EAM,EAM,PVER,PVER,EAM,SPR,UNK,UNK,PVER,PVER,O,EAM,PVER,PVER,EAM,PVER,O,PVER,PVER,PLOB,PLOB,PLOB,EAM,PVER,PVER,,,,,,,,,,,,,,,,,,,,,,,,,,,,,,,,,,,,,,,,,,,,,,,,,,,,,,,,,,,,,,,,,,,,,,,,,,,,,,,,,,,,,,,,,,,,,,,,,,,,,,,,,,,,,,,,,,,,,,,,,,,,,,,,,,,,,,,,,,,,,,,,,,,,,,,,,,,,,,,,,,,,,,,,,,,,,,,,,,,,,,,,,,,,,,,,,,,,,,,,
se,md,one,t1_10,PVER,UNK,CALC,CALC,CALC,SHAD,UNK,UNK,EAM,EAM,PVER,PVER,SPR,PVER,PVER,PVER,PVER,EAM,EAM,UNK,SHAD,EAM,UNK,PVER,PVER,PVER,PVER,PVER,EAM,EAM,EAM,EAM,EAM,EAM,EAM,CYANO,PVER,EAM,EAM,EAM,EAM,EAM,EAM,EAM,EAM,EAM,O,EAM,EAM,EAM,PVER,PLOB,PLOB,PLOB,CYANO,UNK,CALC,EAM,EAM,EAM,PVER,PLOB,PLOB,PLOB,PLOB,CALC,TAPE,EAM,TAPE,BASA,EAM,EAM,PLOB,PLOB,PVER,PVER,PVER,PVER,EAM,EAM,BASA,EAM,EAM,PLOB,PVER,PLOB,PLOB,EAM,EAM,EAM,EAM,EAM,PVER,BASA,BASA,BASA,PLOB,EAM,EAM,PLOB,,,,,,,,,,,,,,,,,,,,,,,,,,,,,,,,,,,,,,,,,,,,,,,,,,,,,,,,,,,,,,,,,,,,,,,,,,,,,,,,,,,,,,,,,,,,,,,,,,,,,,,,,,,,,,,,,,,,,,,,,,,,,,,,,,,,,,,,,,,,,,,,,,,,,,,,,,,,,,,,,,,,,,,,,,,,,,,,,,,,,,,,,,,,,,,,,,,,,,,,
se,md,one,t1_11,SHAD,PVER,SHAD,PVER,PVER,PVER,EAM,PVER,PVER,PVER,PVER,UNK,EAM,EAM,EAM,EAM,EAM,PVER,PVER,PVER,PVER,EAM,PVER,PVER,CALC,EAM,EAM,PLOB,PVER,EAM,EAM,BASA,PVER,PVER,SHAD,CALC,CALC,EAM,CCA,PVER,BASA,BASA,BASA,BASA,CALC,BASA,BASA,BASA,CALC,PLOB,EAM,BASA,BASA,BASA,BASA,BASA,CALC,BASA,PLOB,O,BASA,PLOB,PLOB,O,O,EAM,EAM,EAM,O,O,O,PLOB,PVER,PVER,BASA,EAM,BASA,BASA,CALC,CALC,EAM,EAM,EAM,PVER,PVER,EAM,EAM,EAM,PLOB,EAM,PVER,PVER,PVER,PVER,PVER,EAM,PVER,PVER,PLOB,EAM,,,,,,,,,,,,,,,,,,,,,,,,,,,,,,,,,,,,,,,,,,,,,,,,,,,,,,,,,,,,,,,,,,,,,,,,,,,,,,,,,,,,,,,,,,,,,,,,,,,,,,,,,,,,,,,,,,,,,,,,,,,,,,,,,,,,,,,,,,,,,,,,,,,,,,,,,,,,,,,,,,,,,,,,,,,,,,,,,,,,,,,,,,,,,,,,,,,,,,,,
se,md,one,t1_12,SHAD,EAM,UNK,PVER,PVER,EAM,UNK,O,O,PVER,UNK,EAM,EAM,EAM,PVER,PVER,O,UNK,CYANO,PVER,EAM,EAM,EAM,UNK,PVER,PVER,PVER,O,EAM,EAM,PVER,PVER,O,CALC,PVER,PVER,PVER,EAM,EAM,EAM,O,EAM,CALC,CALC,PVER,PVER,EAM,CALC,EAM,EAM,EAM,PVER,PVER,PVER,PVER,PVER,EAM,EAM,CALC,CALC,EAM,EAM,PLOB,PVER,TAPE,PVER,TAPE,PVER,EAM,TAPE,EAM,SPR,PLOB,PVER,PVER,PVER,PVER,PVER,UNK,EAM,UNK,O,PVER,EAM,EAM,EAM,PVER,PVER,EAM,EAM,PVER,PVER,PVER,PVER,PVER,PVER,PVER,PVER,PVER,PVER,,,,,,,,,,,,,,,,,,,,,,,,,,,,,,,,,,,,,,,,,,,,,,,,,,,,,,,,,,,,,,,,,,,,,,,,,,,,,,,,,,,,,,,,,,,,,,,,,,,,,,,,,,,,,,,,,,,,,,,,,,,,,,,,,,,,,,,,,,,,,,,,,,,,,,,,,,,,,,,,,,,,,,,,,,,,,,,,,,,,,,,,,,,,,,,,,,,,,,,,
se,md,one,t1_13,PLOB,PLOB,PLOB,EAM,EAM,EAM,PVER,PVER,PVER,EAM,O,CALC,PLOB,PLOB,PLOB,PLOB,PVER,PVER,PVER,CALC,EAM,CALC,CALC,PLOB,PVER,PVER,PVER,PVER,PVER,EAM,PVER,PVER,EAM,O,O,PLOB,EAM,PVER,O,EAM,PVER,EAM,PVER,PVER,PVER,CCA,CCA,BASA,O,O,PLOB,PLOB,CCA,BASA,CCA,PVER,PVER,PVER,BASA,PLOB,PLOB,CCA,CCA,BASA,CALC,PVER,PVER,PVER,PLOB,PLOB,PLOB,PLOB,PVER,PVER,PLOB,CALC,CALC,CALC,PVER,PVER,BASA,PLOB,PVER,PVER,CALC,CALC,PLOB,PLOB,PVER,PVER,PVER,PLOB,PLOB,PVER,PLOB,PVER,CALC,EAM,BASA,BASA,,,,,,,,,,,,,,,,,,,,,,,,,,,,,,,,,,,,,,,,,,,,,,,,,,,,,,,,,,,,,,,,,,,,,,,,,,,,,,,,,,,,,,,,,,,,,,,,,,,,,,,,,,,,,,,,,,,,,,,,,,,,,,,,,,,,,,,,,,,,,,,,,,,,,,,,,,,,,,,,,,,,,,,,,,,,,,,,,,,,,,,,,,,,,,,,,,,,,,,,
se,md,one,t1_14,PVER,PVER,PVER,CALC,EAM,EAM,EAM,PLOB,PLOB,O,PVER,CALC,CALC,EAM,EAM,EAM,EAM,EAM,EAM,O,CALC,CALC,CALC,PVER,PVER,EAM,EAM,EAM,EAM,PVER,EAM,EAM,CALC,PVER,EAM,EAM,EAM,EAM,PVER,PVER,EAM,EAM,CALC,CALC,PVER,PVER,EAM,EAM,PVER,PVER,CALC,CALC,EAM,EAM,PVER,PVER,EAM,PLOB,PLOB,PLOB,PLOB,EAM,PLOB,PLOB,EAM,EAM,PLOB,PLOB,PLOB,EAM,PVER,PVER,EAM,CYANO,EAM,EAM,PLOB,PLOB,PLOB,EAM,PVER,PVER,CALC,PVER,PLOB,PLOB,PVER,SHAD,PVER,PLOB,PLOB,SHAD,O,PLOB,EAM,CALC,CALC,PVER,PVER,PVER,,,,,,,,,,,,,,,,,,,,,,,,,,,,,,,,,,,,,,,,,,,,,,,,,,,,,,,,,,,,,,,,,,,,,,,,,,,,,,,,,,,,,,,,,,,,,,,,,,,,,,,,,,,,,,,,,,,,,,,,,,,,,,,,,,,,,,,,,,,,,,,,,,,,,,,,,,,,,,,,,,,,,,,,,,,,,,,,,,,,,,,,,,,,,,,,,,,,,,,,
se,md,one,t1_15,PLOB,PLOB,PLOB,O,PVER,PVER,PVER,PVER,O,EAM,PVER,EAM,EAM,EAM,PVER,PVER,PVER,CALC,O,EAM,PVER,EAM,EAM,EAM,PLOB,PLOB,EAM,CALC,O,EAM,PVER,PLOB,EAM,PLOB,PLOB,PLOB,PLOB,EAM,EAM,O,PVER,PVER,PLOB,PLOB,EAM,PVER,PVER,PVER,O,EAM,BASA,PLOB,PLOB,PLOB,EAM,PVER,PVER,PVER,EAM,EAM,TAPE,EAM,CCA,TAPE,EAM,PVER,PVER,PVER,O,O,EAM,EAM,EAM,PLOB,PLOB,PLOB,PVER,PVER,PLOB,EAM,EAM,EAM,EAM,PLOB,PLOB,EAM,PVER,PVER,EAM,EAM,EAM,PVER,PVER,PVER,PVER,PVER,PVER,PVER,EAM,PLOB,,,,,,,,,,,,,,,,,,,,,,,,,,,,,,,,,,,,,,,,,,,,,,,,,,,,,,,,,,,,,,,,,,,,,,,,,,,,,,,,,,,,,,,,,,,,,,,,,,,,,,,,,,,,,,,,,,,,,,,,,,,,,,,,,,,,,,,,,,,,,,,,,,,,,,,,,,,,,,,,,,,,,,,,,,,,,,,,,,,,,,,,,,,,,,,,,,,,,,,,
se,md,two,t2_1,PVER,PVER,PVER,PVER,UNK,PVER,O,EAM,O,EAM,PVER,PVER,EAM,EAM,PVER,PVER,PVER,PVER,PVER,EAM,EAM,CCA,EAM,EAM,CCA,EAM,CCA,CCA,EAM,EAM,EAM,EAM,EAM,EAM,EAM,CCA,CCA,CCA,CCA,CCA,PVER,PVER,EAM,EAM,EAM,EAM,CCA,SHAD,PVER,EAM,PVER,CCA,EAM,EAM,CCA,CCA,CCA,PVER,PVER,PVER,CCA,CCA,EAM,EAM,EAM,EAM,EAM,EAM,PVER,EAM,PVER,CCA,CCA,PVER,EAM,EAM,EAM,EAM,EAM,EAM,O,EAM,EAM,PVER,CCA,CCA,PVER,PVER,PVER,PVER,UNK,EAM,EAM,PVER,PVER,PVER,PVER,PVER,EAM,PVER,,,,,,,,,,,,,,,,,,,,,,,,,,,,,,,,,,,,,,,,,,,,,,,,,,,,,,,,,,,,,,,,,,,,,,,,,,,,,,,,,,,,,,,,,,,,,,,,,,,,,,,,,,,,,,,,,,,,,,,,,,,,,,,,,,,,,,,,,,,,,,,,,,,,,,,,,,,,,,,,,,,,,,,,,,,,,,,,,,,,,,,,,,,,,,,,,,,,,,,,
se,md,two,t2_2,EAM,TURF,PVER,PVER,EAM,EAM,TURF,PVER,PVER,PVER,EAM,PVER,EAM,EAM,EAM,PVER,CYANO,PVER,EAM,EAM,PVER,PVER,EAM,EAM,EAM,EAM,EAM,EAM,CYANO,EAM,EAM,CCA,EAM,EAM,EAM,EAM,EAM,EAM,EAM,CYANO,CALC,EAM,SHAD,EAM,O,PVER,PVER,EAM,EAM,EAM,CALC,CALC,BASA,BASA,PVER,EAM,EAM,EAM,EAM,EAM,EAM,PVER,PVER,PVER,PVER,PVER,EAM,EAM,O,EAM,EAM,EAM,EAM,PVER,PVER,PVER,PVER,EAM,PVER,O,PVER,PVER,PVER,EAM,EAM,EAM,PVER,UNK,UNK,PLOB,UNK,EAM,EAM,PVER,UNK,O,PVER,PLOB,PLOB,PVER,,,,,,,,,,,,,,,,,,,,,,,,,,,,,,,,,,,,,,,,,,,,,,,,,,,,,,,,,,,,,,,,,,,,,,,,,,,,,,,,,,,,,,,,,,,,,,,,,,,,,,,,,,,,,,,,,,,,,,,,,,,,,,,,,,,,,,,,,,,,,,,,,,,,,,,,,,,,,,,,,,,,,,,,,,,,,,,,,,,,,,,,,,,,,,,,,,,,,,,,
se,md,two,t2_3,PVER,UNK,PVER,UNK,EAM,EAM,EAM,PVER,PVER,UNK,PVER,PVER,EAM,EAM,EAM,PVER,PVER,EAM,EAM,EAM,PVER,PVER,PLOB,PVER,PLOB,PVER,PVER,EAM,EAM,EAM,EAM,EAM,PLOB,O,PVER,PVER,PLOB,UNK,EAM,EAM,EAM,UNK,EAM,EAM,CALC,UNK,PLOB,PLOB,CALC,CALC,UNK,O,EAM,CALC,BASA,PLOB,EAM,CALC,CALC,CALC,UNK,BASA,UNK,EAM,PVER,PVER,CALC,CALC,CALC,CALC,EAM,BASA,BASA,EAM,PVER,PVER,CALC,CALC,EAM,CALC,BASA,EAM,EAM,EAM,PVER,EAM,EAM,PLOB,PVER,PVER,BASA,BASA,BASA,BASA,BASA,BASA,BASA,BASA,BASA,O,,,,,,,,,,,,,,,,,,,,,,,,,,,,,,,,,,,,,,,,,,,,,,,,,,,,,,,,,,,,,,,,,,,,,,,,,,,,,,,,,,,,,,,,,,,,,,,,,,,,,,,,,,,,,,,,,,,,,,,,,,,,,,,,,,,,,,,,,,,,,,,,,,,,,,,,,,,,,,,,,,,,,,,,,,,,,,,,,,,,,,,,,,,,,,,,,,,,,,,,
se,md,two,t2_4,EAM,EAM,EAM,UNK,EAM,O,O,PVER,PVER,BASA,UNK,EAM,PVER,PVER,PVER,EAM,PVER,PVER,PVER,PVER,EAM,EAM,EAM,PVER,PVER,CCA,EAM,EAM,EAM,EAM,EAM,CCA,CCA,CCA,CCA,CCA,CCA,CCA,PVER,PVER,CCA,EAM,CCA,CCA,BASA,PVER,CCA,CYANO,PVER,PVER,BASA,BASA,CCA,CCA,PVER,PVER,PVER,PLOB,CCA,CCA,PVER,BASA,BASA,PVER,PVER,PVER,PVER,CCA,CCA,CCA,PVER,BASA,PVER,PVER,PVER,O,PVER,PVER,CCA,BASA,BASA,BASA,CCA,BASA,BASA,UNK,PLOB,PLOB,UNK,PVER,BASA,BASA,BASA,BASA,BASA,PVER,PVER,UNK,UNK,UNK,,,,,,,,,,,,,,,,,,,,,,,,,,,,,,,,,,,,,,,,,,,,,,,,,,,,,,,,,,,,,,,,,,,,,,,,,,,,,,,,,,,,,,,,,,,,,,,,,,,,,,,,,,,,,,,,,,,,,,,,,,,,,,,,,,,,,,,,,,,,,,,,,,,,,,,,,,,,,,,,,,,,,,,,,,,,,,,,,,,,,,,,,,,,,,,,,,,,,,,,
se,md,two,t2_5,BASA,BASA,BASA,PVER,PVER,PVER,PVER,EAM,EAM,EAM,EAM,EAM,CCA,PVER,UNK,PVER,EAM,EAM,EAM,BASA,EAM,EAM,CCA,SHAD,EAM,O,EAM,BASA,CCA,BASA,O,EAM,EAM,PLOB,PLOB,PVER,BASA,CCA,CCA,PVER,O,O,O,PLOB,BASA,PVER,PVER,WAND,BASA,PVER,O,EAM,EAM,UNK,CCA,EAM,PVER,BASA,UNK,UNK,EAM,EAM,EAM,EAM,O,O,CCA,O,BASA,BASA,CCA,CCA,CCA,CCA,CCA,PVER,EAM,BASA,BASA,PVER,EAM,CCA,BASA,CCA,PVER,PVER,EAM,PVER,PVER,PVER,PVER,CCA,CCA,CCA,EAM,EAM,EAM,PVER,PLOB,PVER,,,,,,,,,,,,,,,,,,,,,,,,,,,,,,,,,,,,,,,,,,,,,,,,,,,,,,,,,,,,,,,,,,,,,,,,,,,,,,,,,,,,,,,,,,,,,,,,,,,,,,,,,,,,,,,,,,,,,,,,,,,,,,,,,,,,,,,,,,,,,,,,,,,,,,,,,,,,,,,,,,,,,,,,,,,,,,,,,,,,,,,,,,,,,,,,,,,,,,,,
se,md,two,t2_6,O,EAM,UNK,O,UNK,EAM,PLOB,PLOB,PLOB,O,PVER,CALC,PVER,PVER,BASA,BASA,PVER,PVER,PVER,BASA,CCA,EAM,PVER,EAM,CCA,PVER,PVER,PVER,CCA,CCA,PVER,PVER,PVER,PVER,BASA,BASA,BASA,CCA,CCA,CCA,PVER,BASA,CCA,PVER,BASA,EAM,EAM,EAM,CCA,BASA,PVER,BASA,BASA,BASA,EAM,EAM,EAM,CCA,CCA,CCA,CCA,CCA,CCA,BASA,CCA,BASA,CCA,CCA,PVER,PVER,CCA,EAM,BASA,CCA,O,O,PVER,PVER,PVER,PVER,CCA,CCA,BASA,BASA,O,CCA,CCA,O,PVER,PVER,CCA,EAM,BASA,CCA,BASA,CCA,CCA,PVER,PVER,PVER,,,,,,,,,,,,,,,,,,,,,,,,,,,,,,,,,,,,,,,,,,,,,,,,,,,,,,,,,,,,,,,,,,,,,,,,,,,,,,,,,,,,,,,,,,,,,,,,,,,,,,,,,,,,,,,,,,,,,,,,,,,,,,,,,,,,,,,,,,,,,,,,,,,,,,,,,,,,,,,,,,,,,,,,,,,,,,,,,,,,,,,,,,,,,,,,,,,,,,,,
se,md,two,t2_7,UNK,EAM,EAM,PVER,PVER,PVER,PVER,CALC,CALC,O,PVER,PVER,EAM,EAM,PVER,PVER,PVER,PVER,PVER,PVER,EAM,BASA,BASA,O,PVER,PVER,PVER,EAM,EAM,EAM,BASA,EAM,O,BASA,BASA,BASA,EAM,EAM,EAM,EAM,PVER,PVER,PVER,O,EAM,EAM,PVER,PVER,PVER,PVER,EAM,EAM,EAM,EAM,PVER,PVER,PVER,EAM,CCA,PVER,CCA,EAM,O,PVER,PVER,PVER,PVER,PVER,PVER,PVER,CCA,SPON,PVER,PVER,PVER,EAM,EAM,CCA,PVER,PVER,EAM,CCA,PVER,EAM,EAM,EAM,EAM,CCA,CCA,PVER,EAM,CCA,PVER,PVER,EAM,EAM,BASA,BASA,BASA,BASA,,,,,,,,,,,,,,,,,,,,,,,,,,,,,,,,,,,,,,,,,,,,,,,,,,,,,,,,,,,,,,,,,,,,,,,,,,,,,,,,,,,,,,,,,,,,,,,,,,,,,,,,,,,,,,,,,,,,,,,,,,,,,,,,,,,,,,,,,,,,,,,,,,,,,,,,,,,,,,,,,,,,,,,,,,,,,,,,,,,,,,,,,,,,,,,,,,,,,,,,
se,md,two,t2_8,SPR,SPR,PLOB,PVER,PLOB,PLOB,PLOB,PLOB,CCA,PVER,PLOB,PLOB,PLOB,EAM,SHAD,PVER,PVER,CCA,CCA,CCA,PVER,SPR,PVER,PVER,PVER,PVER,PVER,UNK,BASA,O,PVER,PVER,PVER,O,PVER,BASA,CCA,UNK,O,O,PVER,PVER,PVER,PVER,EAM,BASA,BASA,PVER,BASA,BASA,EAM,PVER,EAM,PVER,UNK,CCA,CCA,BASA,BASA,BASA,PVER,PVER,CALC,EAM,EAM,CALC,PVER,PVER,CCA,CCA,PLOB,PVER,EAM,PVER,EAM,PVER,PVER,PVER,EAM,PLOB,EAM,PVER,PVER,PVER,EAM,PVER,PVER,EAM,EAM,PLOB,PVER,PVER,PVER,EAM,O,PVER,PVER,BASA,EAM,EAM,,,,,,,,,,,,,,,,,,,,,,,,,,,,,,,,,,,,,,,,,,,,,,,,,,,,,,,,,,,,,,,,,,,,,,,,,,,,,,,,,,,,,,,,,,,,,,,,,,,,,,,,,,,,,,,,,,,,,,,,,,,,,,,,,,,,,,,,,,,,,,,,,,,,,,,,,,,,,,,,,,,,,,,,,,,,,,,,,,,,,,,,,,,,,,,,,,,,,,,,
se,md,two,t2_9,SPR,SPR,CALC,PVER,SPR,PVER,EAM,SPR,PVER,PVER,SPR,EAM,PVER,PVER,SPR,BASA,PVER,PVER,PVER,PVER,EAM,PVER,PVER,EAM,EAM,BASA,PVER,UNK,PLOB,PVER,EAM,EAM,EAM,PVER,SPR,SPR,BASA,BASA,BASA,EAM,SPR,SPR,PVER,PVER,UNK,SPR,SPR,UNK,UNK,UNK,O,CALC,SPR,CALC,SPR,SPR,SPR,UNK,UNK,UNK,PVER,SPR,EAM,CALC,CALC,EAM,EAM,UNK,EAM,EAM,PVER,SPR,SPR,PLOB,O,EAM,EAM,PLOB,PLOB,SPR,PVER,PLOB,SPR,SPR,PLOB,PLOB,PLOB,O,SPR,PLOB,EAM,TAPE,TAPE,UNK,TAPE,PLOB,PLOB,PLOB,PLOB,PLOB,,,,,,,,,,,,,,,,,,,,,,,,,,,,,,,,,,,,,,,,,,,,,,,,,,,,,,,,,,,,,,,,,,,,,,,,,,,,,,,,,,,,,,,,,,,,,,,,,,,,,,,,,,,,,,,,,,,,,,,,,,,,,,,,,,,,,,,,,,,,,,,,,,,,,,,,,,,,,,,,,,,,,,,,,,,,,,,,,,,,,,,,,,,,,,,,,,,,,,,,
se,md,two,t2_10,EAM,EAM,EAM,CALC,PLOB,PLOB,PLOB,PLOB,CALC,UNK,EAM,EAM,EAM,EAM,PLOB,PLOB,PLOB,EAM,EAM,EAM,EAM,EAM,PLOB,PLOB,EAM,EAM,PLOB,EAM,WAND,EAM,O,EAM,EAM,PVER,EAM,EAM,PVER,O,PVER,PVER,O,PVER,PVER,EAM,EAM,EAM,EAM,EAM,PVER,EAM,SHAD,CALC,PVER,PVER,PDAN,PLOB,EAM,EAM,EAM,EAM,EAM,EAM,EAM,PVER,PVER,EAM,EAM,EAM,CALC,EAM,EAM,EAM,PVER,PVER,PVER,EAM,EAM,EAM,PLOB,BASA,PLOB,PLOB,SHAD,PVER,PVER,EAM,EAM,CCA,EAM,PVER,SHAD,PLOB,PLOB,SPR,SPR,PLOB,PVER,PVER,PVER,PVER,,,,,,,,,,,,,,,,,,,,,,,,,,,,,,,,,,,,,,,,,,,,,,,,,,,,,,,,,,,,,,,,,,,,,,,,,,,,,,,,,,,,,,,,,,,,,,,,,,,,,,,,,,,,,,,,,,,,,,,,,,,,,,,,,,,,,,,,,,,,,,,,,,,,,,,,,,,,,,,,,,,,,,,,,,,,,,,,,,,,,,,,,,,,,,,,,,,,,,,,
se,md,two,t2_11,EAM,PVER,PVER,PVER,PVER,EAM,EAM,PVER,PVER,O,EAM,PVER,PVER,PVER,PVER,EAM,BASA,EAM,PLOB,O,EAM,EAM,EAM,EAM,SHAD,PVER,PLOB,BASA,BASA,BASA,PVER,EAM,EAM,O,O,PVER,PVER,PVER,BASA,BASA,PVER,PVER,SPR,PVER,PVER,PVER,PVER,O,EAM,PLOB,PVER,EAM,EAM,PVER,PVER,PVER,PVER,EAM,PLOB,PLOB,UNK,BASA,BASA,BASA,PVER,PVER,PVER,PVER,PVER,PVER,PVER,BASA,BASA,PLOB,PLOB,PVER,SHAD,PVER,PVER,PLOB,PVER,PVER,PVER,PLOB,PLOB,EAM,EAM,EAM,PLOB,PLOB,PVER,PVER,UNK,PLOB,PLOB,PLOB,PVER,O,CALC,PLOB,,,,,,,,,,,,,,,,,,,,,,,,,,,,,,,,,,,,,,,,,,,,,,,,,,,,,,,,,,,,,,,,,,,,,,,,,,,,,,,,,,,,,,,,,,,,,,,,,,,,,,,,,,,,,,,,,,,,,,,,,,,,,,,,,,,,,,,,,,,,,,,,,,,,,,,,,,,,,,,,,,,,,,,,,,,,,,,,,,,,,,,,,,,,,,,,,,,,,,,,
se,md,two,t2_12,SHAD,PVER,PVER,PVER,PVER,SHAD,PVER,PVER,PVER,PVER,EAM,PLOB,PVER,SHAD,PVER,PVER,PVER,EAM,CALC,CALC,EAM,EAM,PVER,PVER,PVER,CALC,CALC,CALC,EAM,EAM,EAM,EAM,O,PVER,PVER,EAM,EAM,EAM,PVER,PVER,EAM,PLOB,PVER,PVER,PVER,EAM,PVER,BASA,EAM,PVER,PVER,PVER,PVER,PVER,O,BASA,PVER,EAM,EAM,PVER,EAM,PVER,UNK,EAM,EAM,EAM,PVER,PVER,SPR,PLOB,PVER,EAM,EAM,EAM,EAM,EAM,PVER,O,EAM,CALC,O,EAM,EAM,PVER,EAM,EAM,TAPE,PVER,PLOB,PVER,PVER,PVER,EAM,PVER,PVER,EAM,PVER,PVER,PVER,PLOB,,,,,,,,,,,,,,,,,,,,,,,,,,,,,,,,,,,,,,,,,,,,,,,,,,,,,,,,,,,,,,,,,,,,,,,,,,,,,,,,,,,,,,,,,,,,,,,,,,,,,,,,,,,,,,,,,,,,,,,,,,,,,,,,,,,,,,,,,,,,,,,,,,,,,,,,,,,,,,,,,,,,,,,,,,,,,,,,,,,,,,,,,,,,,,,,,,,,,,,,
se,md,two,t2_13,UNK,UNK,UNK,UNK,EAM,CALC,EAM,EAM,EAM,O,PVER,EAM,EAM,EAM,EAM,EAM,EAM,EAM,PVER,EAM,PVER,SHAD,EAM,CALC,PVER,PVER,PVER,EAM,EAM,EAM,PLOB,EAM,EAM,EAM,PVER,PVER,PVER,PVER,PVER,PVER,EAM,EAM,EAM,EAM,PVER,PVER,PVER,PVER,PVER,EAM,PLOB,EAM,EAM,EAM,PVER,PVER,PVER,EAM,EAM,EAM,EAM,EAM,EAM,PVER,EAM,EAM,EAM,EAM,PLOB,EAM,UNK,EAM,EAM,PVER,PVER,PVER,PVER,EAM,EAM,PLOB,PVER,PVER,PVER,PVER,PVER,PVER,PVER,PVER,PVER,PVER,O,PVER,EAM,PVER,EAM,PLOB,EAM,EAM,EAM,EAM,,,,,,,,,,,,,,,,,,,,,,,,,,,,,,,,,,,,,,,,,,,,,,,,,,,,,,,,,,,,,,,,,,,,,,,,,,,,,,,,,,,,,,,,,,,,,,,,,,,,,,,,,,,,,,,,,,,,,,,,,,,,,,,,,,,,,,,,,,,,,,,,,,,,,,,,,,,,,,,,,,,,,,,,,,,,,,,,,,,,,,,,,,,,,,,,,,,,,,,,
se,md,two,t2_14,PLOB,EAM,CCA,BASA,BASA,CCA,EAM,EAM,PVER,PVER,CALC,PLOB,BASA,BASA,BASA,O,O,EAM,EAM,PVER,PLOB,PLOB,PVER,EAM,PLOB,PVER,EAM,EAM,PLOB,O,PLOB,PLOB,PVER,PVER,PVER,PVER,EAM,EAM,EAM,EAM,PLOB,PLOB,PLOB,PLOB,PLOB,PLOB,EAM,EAM,EAM,EAM,EAM,PVER,PVER,PVER,CALC,CALC,BASA,BASA,EAM,EAM,PVER,SHAD,PVER,PVER,PVER,EAM,O,EAM,EAM,EAM,PVER,PVER,PVER,PVER,PVER,CALC,PVER,PVER,PVER,PVER,PVER,PVER,PVER,O,EAM,O,PVER,PVER,EAM,PVER,UNK,PVER,O,EAM,EAM,O,PVER,EAM,EAM,EAM,,,,,,,,,,,,,,,,,,,,,,,,,,,,,,,,,,,,,,,,,,,,,,,,,,,,,,,,,,,,,,,,,,,,,,,,,,,,,,,,,,,,,,,,,,,,,,,,,,,,,,,,,,,,,,,,,,,,,,,,,,,,,,,,,,,,,,,,,,,,,,,,,,,,,,,,,,,,,,,,,,,,,,,,,,,,,,,,,,,,,,,,,,,,,,,,,,,,,,,,
se,md,two,t2_15,PVER,PVER,PVER,EAM,EAM,EAM,EAM,BASA,BASA,O,EAM,EAM,EAM,EAM,PLOB,PLOB,PVER,CALC,BASA,BASA,EAM,CCA,PLOB,O,PLOB,PLOB,PLOB,PLOB,CCA,PVER,EAM,O,O,UNK,PLOB,PLOB,PLOB,PLOB,PVER,PVER,O,O,PVER,PVER,PVER,EAM,EAM,EAM,PVER,EAM,O,PLOB,PVER,PVER,PVER,PVER,PVER,PVER,PVER,EAM,EAM,EAM,PVER,EAM,PVER,PVER,PVER,PVER,CALC,EAM,EAM,EAM,PVER,PVER,PVER,PVER,PVER,CALC,O,PVER,EAM,PVER,EAM,EAM,EAM,PLOB,SPR,PVER,PVER,EAM,BASA,PVER,BASA,EAM,EAM,PVER,EAM,PVER,CALC,O,,,,,,,,,,,,,,,,,,,,,,,,,,,,,,,,,,,,,,,,,,,,,,,,,,,,,,,,,,,,,,,,,,,,,,,,,,,,,,,,,,,,,,,,,,,,,,,,,,,,,,,,,,,,,,,,,,,,,,,,,,,,,,,,,,,,,,,,,,,,,,,,,,,,,,,,,,,,,,,,,,,,,,,,,,,,,,,,,,,,,,,,,,,,,,,,,,,,,,,,
se,md,three,t3_1,CCA,CCA,CCA,CCA,CCA,BASA,CCA,CCA,CCA,BASA,CCA,CCA,CCA,CCA,BASA,PVER,PVER,PVER,BASA,EAM,BASA,BASA,PVER,PVER,PVER,PVER,PVER,PVER,PVER,PVER,PLOB,PLOB,PLOB,PLOB,PLOB,PLOB,PVER,PLOB,PLOB,PLOB,PLOB,PLOB,O,PLOB,PLOB,PLOB,PLOB,PLOB,PLOB,PLOB,PLOB,PLOB,PLOB,PLOB,CALC,UNK,UNK,PLOB,CALC,CALC,PVER,PLOB,PLOB,CALC,CALC,CALC,CALC,PLOB,CALC,CALC,TAPE,PLOB,EAM,EAM,CALC,CALC,TAPE,CALC,CALC,CALC,PVER,SHAD,PLOB,PLOB,PLOB,CALC,TAPE,CALC,TAPE,CALC,PVER,PVER,UNK,PLOB,PLOB,PLOB,CALC,CALC,CALC,CALC,,,,,,,,,,,,,,,,,,,,,,,,,,,,,,,,,,,,,,,,,,,,,,,,,,,,,,,,,,,,,,,,,,,,,,,,,,,,,,,,,,,,,,,,,,,,,,,,,,,,,,,,,,,,,,,,,,,,,,,,,,,,,,,,,,,,,,,,,,,,,,,,,,,,,,,,,,,,,,,,,,,,,,,,,,,,,,,,,,,,,,,,,,,,,,,,,,,,,,,,
se,md,three,t3_2,CCA,EAM,PVER,BASA,CCA,CCA,BASA,CCA,CCA,CCA,PVER,PVER,PVER,PVER,PVER,EAM,EAM,EAM,CCA,CALC,UNK,PVER,PVER,PVER,PVER,PVER,PVER,CCA,CALC,PLOB,EAM,EAM,PVER,PVER,PVER,PVER,PVER,EAM,EAM,PLOB,EAM,EAM,PVER,PVER,PVER,PLOB,PLOB,PLOB,PLOB,SPR,PVER,SHAD,PVER,PVER,PVER,PLOB,PLOB,PLOB,SPR,PLOB,PVER,PVER,PVER,PVER,PLOB,PLOB,SPR,PVER,PVER,SHAD,PVER,PVER,PVER,PVER,EAM,EAM,PVER,PVER,PVER,PVER,PVER,PVER,PVER,EAM,EAM,BASA,EAM,PVER,PVER,PVER,TAPE,TAPE,PVER,PVER,O,PVER,TAPE,TAPE,TAPE,TAPE,,,,,,,,,,,,,,,,,,,,,,,,,,,,,,,,,,,,,,,,,,,,,,,,,,,,,,,,,,,,,,,,,,,,,,,,,,,,,,,,,,,,,,,,,,,,,,,,,,,,,,,,,,,,,,,,,,,,,,,,,,,,,,,,,,,,,,,,,,,,,,,,,,,,,,,,,,,,,,,,,,,,,,,,,,,,,,,,,,,,,,,,,,,,,,,,,,,,,,,,
se,md,three,t3_3,CCA,CCA,CCA,CCA,CCA,CCA,CCA,CCA,CCA,PVER,CCA,CCA,CCA,PVER,PVER,PVER,PVER,CCA,WAND,PVER,PLOB,CCA,PVER,PVER,PVER,PVER,BASA,CCA,CCA,PVER,PVER,PVER,PVER,PVER,EAM,PVER,PVER,CCA,PLOB,PLOB,PVER,PVER,PVER,PVER,PVER,SHAD,PVER,PVER,PLOB,PVER,PVER,PVER,PVER,UNK,PVER,PVER,PVER,PVER,PVER,PVER,EAM,CCA,EAM,CCA,TAPE,PVER,EAM,EAM,EAM,PVER,CCA,PVER,PVER,PVER,EAM,EAM,EAM,EAM,EAM,EAM,PVER,PVER,PVER,PVER,CALC,EAM,CALC,O,CALC,CALC,O,O,BASA,EAM,EAM,EAM,BASA,BASA,BASA,BASA,,,,,,,,,,,,,,,,,,,,,,,,,,,,,,,,,,,,,,,,,,,,,,,,,,,,,,,,,,,,,,,,,,,,,,,,,,,,,,,,,,,,,,,,,,,,,,,,,,,,,,,,,,,,,,,,,,,,,,,,,,,,,,,,,,,,,,,,,,,,,,,,,,,,,,,,,,,,,,,,,,,,,,,,,,,,,,,,,,,,,,,,,,,,,,,,,,,,,,,,
se,md,three,t3_4,PVER,PVER,PVER,PVER,EAM,PVER,PVER,PVER,PVER,PVER,PVER,PVER,CALC,CALC,CALC,CALC,PVER,PVER,PVER,CCA,PVER,PVER,CCA,CALC,CCA,BASA,BASA,O,CCA,CCA,PVER,PVER,CCA,BASA,CCA,BASA,BASA,O,O,EAM,PVER,CCA,CCA,CCA,PLOB,PLOB,PLOB,O,EAM,EAM,EAM,CCA,PVER,PVER,PVER,CCA,CCA,EAM,CCA,CCA,PVER,PVER,PVER,PVER,PVER,CCA,CCA,CCA,CCA,CCA,PVER,PVER,SHAD,PVER,CCA,CCA,CCA,CCA,CCA,CCA,PVER,PVER,PVER,PVER,CCA,CCA,EAM,CCA,EAM,EAM,EAM,O,PVER,O,CCA,CCA,EAM,PVER,PVER,PVER,,,,,,,,,,,,,,,,,,,,,,,,,,,,,,,,,,,,,,,,,,,,,,,,,,,,,,,,,,,,,,,,,,,,,,,,,,,,,,,,,,,,,,,,,,,,,,,,,,,,,,,,,,,,,,,,,,,,,,,,,,,,,,,,,,,,,,,,,,,,,,,,,,,,,,,,,,,,,,,,,,,,,,,,,,,,,,,,,,,,,,,,,,,,,,,,,,,,,,,,
se,md,three,t3_5,UNK,PVER,PVER,EAM,PVER,PVER,PVER,PLOB,PLOB,WAND,EAM,EAM,EAM,CCA,EAM,PLOB,O,EAM,PLOB,PVER,CCA,EAM,EAM,CCA,CCA,EAM,EAM,PVER,PVER,PVER,O,O,CCA,CCA,CCA,CCA,CCA,CCA,CCA,PVER,BASA,PVER,PVER,EAM,PVER,PVER,CCA,UNK,CCA,CCA,PVER,PVER,UNK,PVER,PVER,PVER,CCA,BASA,BASA,CCA,TAPE,PVER,CCA,CCA,PVER,BASA,BASA,CCA,BASA,BASA,PVER,PVER,PVER,CCA,CCA,CCA,CCA,CCA,CCA,EAM,PVER,PVER,CCA,CCA,CCA,CCA,CCA,CCA,CCA,CALC,CCA,PVER,PVER,BASA,BASA,CCA,BASA,CCA,CCA,CCA,,,,,,,,,,,,,,,,,,,,,,,,,,,,,,,,,,,,,,,,,,,,,,,,,,,,,,,,,,,,,,,,,,,,,,,,,,,,,,,,,,,,,,,,,,,,,,,,,,,,,,,,,,,,,,,,,,,,,,,,,,,,,,,,,,,,,,,,,,,,,,,,,,,,,,,,,,,,,,,,,,,,,,,,,,,,,,,,,,,,,,,,,,,,,,,,,,,,,,,,
se,md,three,t3_6,UNK,CALC,PVER,SHAD,SHAD,O,O,PVER,PVER,PVER,PLOB,O,EAM,PVER,PVER,O,O,PLOB,EAM,SHAD,CCA,CCA,EAM,EAM,PVER,CCA,PVER,PVER,PVER,EAM,CCA,SHAD,CCA,CCA,BASA,PVER,PVER,PVER,CCA,CCA,CCA,CCA,CCA,CCA,EAM,CCA,BASA,CCA,CCA,CCA,CCA,CCA,EAM,PVER,PVER,PVER,PVER,BASA,BASA,O,CCA,CCA,CCA,EAM,PVER,PVER,PVER,CCA,BASA,PVER,CCA,CCA,CCA,CCA,CCA,EAM,CCA,PVER,PVER,PVER,CCA,TAPE,BASA,PLOB,PLOB,PLOB,BASA,BASA,TAPE,PVER,PVER,PVER,PLOB,PLOB,PVER,PVER,EAM,O,PVER,PVER,,,,,,,,,,,,,,,,,,,,,,,,,,,,,,,,,,,,,,,,,,,,,,,,,,,,,,,,,,,,,,,,,,,,,,,,,,,,,,,,,,,,,,,,,,,,,,,,,,,,,,,,,,,,,,,,,,,,,,,,,,,,,,,,,,,,,,,,,,,,,,,,,,,,,,,,,,,,,,,,,,,,,,,,,,,,,,,,,,,,,,,,,,,,,,,,,,,,,,,,
se,md,three,t3_7,PVER,PVER,PVER,PVER,PVER,PVER,PVER,PVER,EAM,EAM,EAM,PLOB,PLOB,PVER,PVER,PVER,PVER,EAM,CALC,EAM,CCA,CCA,EAM,PVER,PVER,PVER,CCA,UNK,CALC,CALC,CCA,CCA,CCA,BASA,CCA,CCA,CCA,BASA,BASA,UNK,CCA,CCA,CCA,CCA,CCA,BASA,CCA,WAND,CCA,CCA,UNK,CCA,CCA,CCA,PVER,CCA,WAND,BASA,CCA,CCA,BASA,BASA,CCA,CCA,CCA,BASA,BASA,BASA,BASA,BASA,BASA,TAPE,TAPE,BASA,BASA,BASA,BASA,TAPE,BASA,BASA,BASA,BASA,BASA,BASA,BASA,O,O,O,O,BASA,BASA,PVER,BASA,BASA,BASA,BASA,BASA,BASA,BASA,BASA,,,,,,,,,,,,,,,,,,,,,,,,,,,,,,,,,,,,,,,,,,,,,,,,,,,,,,,,,,,,,,,,,,,,,,,,,,,,,,,,,,,,,,,,,,,,,,,,,,,,,,,,,,,,,,,,,,,,,,,,,,,,,,,,,,,,,,,,,,,,,,,,,,,,,,,,,,,,,,,,,,,,,,,,,,,,,,,,,,,,,,,,,,,,,,,,,,,,,,,,
se,md,three,t3_8,PVER,UNK,UNK,PVER,O,O,CALC,EAM,PVER,SHAD,BASA,O,O,O,O,O,CALC,CALC,CALC,UNK,BASA,CALC,BASA,BASA,CCA,BASA,BASA,CCA,EAM,EAM,CCA,CCA,BASA,PVER,PVER,EAM,UNK,CALC,CCA,EAM,BASA,CCA,CCA,CCA,CCA,UNK,UNK,CCA,BASA,BASA,CCA,CCA,UNK,BASA,CCA,PVER,PVER,PVER,BASA,CCA,BASA,CCA,BASA,O,PVER,PVER,PVER,PVER,BASA,BASA,CCA,CCA,CCA,BASA,BASA,PVER,TAPE,TAPE,BASA,TAPE,EAM,EAM,BASA,BASA,CCA,BASA,BASA,BASA,BASA,BASA,EAM,O,PVER,BASA,BASA,BASA,BASA,CCA,PVER,PVER,,,,,,,,,,,,,,,,,,,,,,,,,,,,,,,,,,,,,,,,,,,,,,,,,,,,,,,,,,,,,,,,,,,,,,,,,,,,,,,,,,,,,,,,,,,,,,,,,,,,,,,,,,,,,,,,,,,,,,,,,,,,,,,,,,,,,,,,,,,,,,,,,,,,,,,,,,,,,,,,,,,,,,,,,,,,,,,,,,,,,,,,,,,,,,,,,,,,,,,,
se,md,three,t3_9,PVER,EAM,PLOB,O,O,O,BASA,EAM,BASA,CCA,UNK,UNK,EAM,EAM,PVER,PVER,CALC,SHAD,EAM,CCA,PLOB,PLOB,PLOB,PVER,PVER,PVER,PVER,PVER,CCA,PLOB,PLOB,PLOB,SHAD,PVER,PVER,PVER,CCA,PVER,CCA,CCA,PLOB,CALC,PLOB,PLOB,PVER,PVER,PVER,PVER,BASA,CCA,PLOB,PLOB,PLOB,PVER,PVER,PVER,PVER,PVER,BASA,CCA,TAPE,O,PVER,PVER,PVER,BASA,EAM,CCA,CCA,BASA,SHAD,EAM,PVER,PLOB,PVER,PVER,BASA,PLOB,BASA,BASA,PVER,SPR,PVER,PVER,PVER,EAM,PVER,PVER,O,CCA,PVER,UNK,UNK,PVER,PVER,O,CALC,BASA,PVER,UNK,,,,,,,,,,,,,,,,,,,,,,,,,,,,,,,,,,,,,,,,,,,,,,,,,,,,,,,,,,,,,,,,,,,,,,,,,,,,,,,,,,,,,,,,,,,,,,,,,,,,,,,,,,,,,,,,,,,,,,,,,,,,,,,,,,,,,,,,,,,,,,,,,,,,,,,,,,,,,,,,,,,,,,,,,,,,,,,,,,,,,,,,,,,,,,,,,,,,,,,,
se,md,three,t3_10,EAM,EAM,PLOB,O,CALC,CCA,CCA,CCA,CCA,CCA,PVER,EAM,EAM,EAM,CALC,CALC,CALC,PVER,PVER,PVER,PVER,PVER,SPR,SPR,PVER,PVER,PVER,PVER,UNK,EAM,PVER,PVER,EAM,PVER,PVER,CALC,SPR,SPR,SPR,EAM,PVER,EAM,PVER,PVER,PVER,PVER,EAM,EAM,SPR,BASA,BASA,PVER,PVER,PVER,SPR,PVER,O,CALC,CALC,PVER,PVER,EAM,SPR,SPR,PVER,PVER,O,PVER,PVER,PVER,SHAD,SHAD,PVER,PVER,PVER,PVER,PVER,PVER,EAM,PVER,PVER,PVER,PLOB,BASA,BASA,PVER,PVER,PLOB,BASA,EAM,PLOB,O,O,CCA,BASA,O,O,PLOB,PVER,EAM,,,,,,,,,,,,,,,,,,,,,,,,,,,,,,,,,,,,,,,,,,,,,,,,,,,,,,,,,,,,,,,,,,,,,,,,,,,,,,,,,,,,,,,,,,,,,,,,,,,,,,,,,,,,,,,,,,,,,,,,,,,,,,,,,,,,,,,,,,,,,,,,,,,,,,,,,,,,,,,,,,,,,,,,,,,,,,,,,,,,,,,,,,,,,,,,,,,,,,,,
se,md,three,t3_11,CALC,PVER,PVER,PVER,PVER,UNK,UNK,PVER,PVER,PVER,BASA,PVER,PVER,PVER,PVER,PVER,PVER,PVER,PVER,PVER,BASA,BASA,PVER,UNK,CALC,CALC,PLOB,PVER,PVER,SPR,SHAD,PVER,PVER,PVER,PVER,CALC,CALC,O,PVER,PVER,O,O,PVER,PVER,EAM,EAM,EAM,CALC,BASA,BASA,PVER,PVER,PVER,EAM,EAM,BASA,CCA,CCA,CCA,CCA,O,CCA,PVER,PVER,BASA,BASA,BASA,BASA,CCA,CCA,CCA,BASA,CCA,PLOB,PLOB,CCA,BASA,PVER,PVER,PVER,CCA,EAM,PVER,PLOB,CALC,BASA,O,EAM,CALC,CALC,PVER,UNK,EAM,UNK,UNK,BASA,CALC,O,O,CCA,,,,,,,,,,,,,,,,,,,,,,,,,,,,,,,,,,,,,,,,,,,,,,,,,,,,,,,,,,,,,,,,,,,,,,,,,,,,,,,,,,,,,,,,,,,,,,,,,,,,,,,,,,,,,,,,,,,,,,,,,,,,,,,,,,,,,,,,,,,,,,,,,,,,,,,,,,,,,,,,,,,,,,,,,,,,,,,,,,,,,,,,,,,,,,,,,,,,,,,,
se,md,three,t3_12,PLOB,PLOB,PLOB,PVER,O,O,EAM,EAM,O,CCA,PLOB,EAM,PVER,PVER,CCA,UNK,EAM,PVER,PVER,PVER,UNK,CCA,PVER,PVER,PVER,PLOB,EAM,PVER,PVER,PVER,EAM,CCA,UNK,CCA,PVER,PVER,PLOB,EAM,PVER,BASA,EAM,EAM,EAM,PLOB,PLOB,PLOB,PLOB,PLOB,PVER,PVER,PLOB,PLOB,EAM,PLOB,PLOB,PVER,CALC,PLOB,TAPE,PVER,CCA,CCA,CCA,CCA,PVER,PVER,TAPE,PLOB,BASA,BASA,BASA,PVER,SPR,CALC,EAM,PLOB,BASA,BASA,UNK,O,PVER,PLOB,CCA,PLOB,PVER,PLOB,UNK,PVER,CALC,CALC,PVER,PVER,SHAD,PVER,EAM,EAM,EAM,PVER,PVER,PVER,,,,,,,,,,,,,,,,,,,,,,,,,,,,,,,,,,,,,,,,,,,,,,,,,,,,,,,,,,,,,,,,,,,,,,,,,,,,,,,,,,,,,,,,,,,,,,,,,,,,,,,,,,,,,,,,,,,,,,,,,,,,,,,,,,,,,,,,,,,,,,,,,,,,,,,,,,,,,,,,,,,,,,,,,,,,,,,,,,,,,,,,,,,,,,,,,,,,,,,,
se,md,three,t3_13,PVER,PVER,PVER,PVER,PVER,EAM,PVER,PLOB,PLOB,PLOB,PVER,PVER,PVER,PVER,PLOB,PVER,PLOB,PVER,PLOB,PLOB,PVER,PVER,PVER,PVER,PVER,PVER,PVER,PVER,PVER,BASA,SHAD,PVER,SHAD,PVER,PVER,CCA,CCA,PLOB,EAM,EAM,BASA,BASA,CCA,CCA,CCA,CCA,CCA,WAND,PLOB,PLOB,CCA,CCA,CCA,CCA,PVER,BASA,PVER,PVER,CCA,PLOB,BASA,TAPE,CCA,CCA,PVER,PVER,PVER,PVER,EAM,EAM,SHAD,PLOB,CALC,PVER,PVER,PVER,PVER,EAM,EAM,EAM,PVER,PVER,PVER,EAM,EAM,PVER,PVER,EAM,PVER,PVER,PVER,PVER,PVER,UNK,O,PVER,EAM,UNK,EAM,EAM,,,,,,,,,,,,,,,,,,,,,,,,,,,,,,,,,,,,,,,,,,,,,,,,,,,,,,,,,,,,,,,,,,,,,,,,,,,,,,,,,,,,,,,,,,,,,,,,,,,,,,,,,,,,,,,,,,,,,,,,,,,,,,,,,,,,,,,,,,,,,,,,,,,,,,,,,,,,,,,,,,,,,,,,,,,,,,,,,,,,,,,,,,,,,,,,,,,,,,,,
se,md,three,t3_14,UNK,PVER,PLOB,BASA,BASA,PVER,PLOB,PLOB,PVER,PVER,PLOB,PVER,BASA,BASA,PVER,PVER,PVER,PVER,PVER,O,PLOB,CCA,PLOB,CCA,PVER,PVER,PLOB,PLOB,PVER,PVER,PVER,PVER,PVER,CCA,CCA,CCA,CCA,CCA,PVER,PVER,PVER,PVER,PVER,PVER,CCA,CCA,CCA,PVER,PVER,CCA,PVER,PVER,PVER,PVER,PLOB,PVER,CCA,PVER,BASA,BASA,CALC,PVER,PVER,CALC,CALC,PVER,PVER,PVER,PVER,PVER,PLOB,EAM,EAM,O,O,PVER,PVER,SPR,SPR,PVER,PVER,PVER,PVER,PVER,BASA,CCA,O,CALC,PVER,EAM,PVER,PLOB,BASA,CCA,BASA,O,BASA,EAM,PVER,PVER,,,,,,,,,,,,,,,,,,,,,,,,,,,,,,,,,,,,,,,,,,,,,,,,,,,,,,,,,,,,,,,,,,,,,,,,,,,,,,,,,,,,,,,,,,,,,,,,,,,,,,,,,,,,,,,,,,,,,,,,,,,,,,,,,,,,,,,,,,,,,,,,,,,,,,,,,,,,,,,,,,,,,,,,,,,,,,,,,,,,,,,,,,,,,,,,,,,,,,,,
se,md,three,t3_15,PVER,PVER,O,UNK,UNK,PVER,PLOB,EAM,EAM,PLOB,SPR,UNK,PVER,UNK,UNK,PVER,BASA,PLOB,PLOB,PLOB,UNK,PVER,PVER,PVER,UNK,UNK,PLOB,PVER,PLOB,PVER,UNK,CCA,CCA,CCA,PLOB,CCA,PLOB,PVER,PVER,PVER,PLOB,CCA,CCA,CCA,CCA,CCA,BASA,BASA,BASA,CCA,O,CALC,CCA,CCA,PVER,CCA,PVER,CCA,CCA,PVER,PLOB,PLOB,PVER,PVER,PVER,PVER,UNK,PVER,PVER,PVER,PVER,PVER,PVER,PVER,PVER,UNK,BASA,PVER,EAM,BASA,CALC,PVER,CCA,PVER,O,PVER,UNK,CCA,CALC,PLOB,SHAD,UNK,PVER,PVER,PVER,BASA,PVER,PVER,UNK,PLOB,,,,,,,,,,,,,,,,,,,,,,,,,,,,,,,,,,,,,,,,,,,,,,,,,,,,,,,,,,,,,,,,,,,,,,,,,,,,,,,,,,,,,,,,,,,,,,,,,,,,,,,,,,,,,,,,,,,,,,,,,,,,,,,,,,,,,,,,,,,,,,,,,,,,,,,,,,,,,,,,,,,,,,,,,,,,,,,,,,,,,,,,,,,,,,,,,,,,,,,,
se,md,four,t4_1,PVER,PVER,PVER,BASA,BASA,BASA,EAM,PLOB,PVER,PVER,PLOB,PVER,PVER,PLOB,PVER,PLOB,PLOB,PLOB,PLOB,PVER,PVER,PVER,PVER,EAM,PVER,PVER,PLOB,UNK,CALC,PVER,PVER,PLOB,PLOB,CCA,PLOB,PVER,PVER,PVER,PVER,PVER,PVER,O,PLOB,PVER,BASA,PLOB,PVER,PLOB,PVER,UNK,PVER,PVER,PVER,EAM,EAM,PVER,PVER,CCA,CCA,O,EAM,PLOB,PVER,PVER,PLOB,PVER,BASA,CCA,CCA,CCA,CALC,PLOB,EAM,EAM,PVER,PVER,CCA,PVER,BASA,CCA,CALC,CALC,PVER,BASA,PLOB,PLOB,O,UNK,PVER,PVER,PVER,O,UNK,UNK,TAPE,PVER,PVER,TAPE,TAPE,PVER,,,,,,,,,,,,,,,,,,,,,,,,,,,,,,,,,,,,,,,,,,,,,,,,,,,,,,,,,,,,,,,,,,,,,,,,,,,,,,,,,,,,,,,,,,,,,,,,,,,,,,,,,,,,,,,,,,,,,,,,,,,,,,,,,,,,,,,,,,,,,,,,,,,,,,,,,,,,,,,,,,,,,,,,,,,,,,,,,,,,,,,,,,,,,,,,,,,,,,,,
se,md,four,t4_2,PVER,PVER,PVER,UNK,PLOB,EAM,PLOB,PLOB,PLOB,PLOB,PVER,PVER,PVER,PLOB,UNK,O,EAM,PLOB,PLOB,PLOB,PVER,PVER,EAM,PLOB,EAM,O,O,EAM,EAM,EAM,EAM,PVER,EAM,O,PLOB,PLOB,PLOB,PLOB,PLOB,PVER,CCA,CALC,CCA,BASA,EAM,PLOB,PLOB,PLOB,PLOB,PVER,O,BASA,BASA,CCA,CCA,PVER,PVER,PVER,PVER,EAM,PLOB,EAM,EAM,EAM,BASA,PLOB,PVER,PVER,PVER,EAM,PVER,SHAD,O,CALC,CCA,CCA,EAM,EAM,EAM,PVER,PVER,PVER,PVER,O,BASA,EAM,PLOB,PVER,PVER,PVER,PVER,PVER,UNK,PVER,CALC,CALC,UNK,UNK,PVER,PVER,,,,,,,,,,,,,,,,,,,,,,,,,,,,,,,,,,,,,,,,,,,,,,,,,,,,,,,,,,,,,,,,,,,,,,,,,,,,,,,,,,,,,,,,,,,,,,,,,,,,,,,,,,,,,,,,,,,,,,,,,,,,,,,,,,,,,,,,,,,,,,,,,,,,,,,,,,,,,,,,,,,,,,,,,,,,,,,,,,,,,,,,,,,,,,,,,,,,,,,,
se,md,four,t4_3,SHAD,EAM,CCA,CCA,CCA,BASA,EAM,O,EAM,PLOB,BASA,BASA,BASA,BASA,CCA,CCA,CCA,O,BASA,CALC,CCA,CCA,BASA,CCA,CCA,BASA,CCA,UNK,O,UNK,BASA,BASA,BASA,BASA,CCA,CCA,CCA,BASA,O,PLOB,EAM,EAM,EAM,EAM,O,O,PLOB,CCA,PLOB,PLOB,PLOB,PLOB,PVER,CCA,CCA,EAM,CCA,UNK,EAM,O,PLOB,PVER,PVER,PVER,PVER,EAM,EAM,PVER,CALC,EAM,PLOB,PVER,PVER,PVER,PVER,PLOB,EAM,EAM,SPR,SPR,PVER,PLOB,PLOB,PVER,PVER,PLOB,CCA,PVER,PVER,CALC,PVER,PLOB,PVER,UNK,O,PVER,PVER,PVER,PVER,UNK,,,,,,,,,,,,,,,,,,,,,,,,,,,,,,,,,,,,,,,,,,,,,,,,,,,,,,,,,,,,,,,,,,,,,,,,,,,,,,,,,,,,,,,,,,,,,,,,,,,,,,,,,,,,,,,,,,,,,,,,,,,,,,,,,,,,,,,,,,,,,,,,,,,,,,,,,,,,,,,,,,,,,,,,,,,,,,,,,,,,,,,,,,,,,,,,,,,,,,,,
se,md,four,t4_4,UNK,PLOB,PVER,PVER,PVER,PVER,SPR,SPR,SPR,SPR,PLOB,PLOB,PVER,PVER,UNK,PVER,PVER,EAM,EAM,EAM,PVER,O,O,O,PLOB,PVER,UNK,EAM,EAM,EAM,PVER,PLOB,O,PLOB,PLOB,PVER,PVER,PVER,PVER,EAM,EAM,PLOB,O,UNK,SPR,SPR,O,PVER,PVER,PVER,PVER,PLOB,PLOB,PLOB,PLOB,O,O,PLOB,PLOB,PVER,PVER,PLOB,PLOB,O,PLOB,PLOB,O,EAM,EAM,PLOB,PVER,PVER,SHAD,PVER,PVER,PVER,PVER,PVER,PVER,PVER,PVER,PVER,PVER,PVER,PVER,PVER,PVER,PLOB,PLOB,PVER,PVER,PVER,PVER,PVER,CALC,UNK,UNK,CALC,CALC,UNK,,,,,,,,,,,,,,,,,,,,,,,,,,,,,,,,,,,,,,,,,,,,,,,,,,,,,,,,,,,,,,,,,,,,,,,,,,,,,,,,,,,,,,,,,,,,,,,,,,,,,,,,,,,,,,,,,,,,,,,,,,,,,,,,,,,,,,,,,,,,,,,,,,,,,,,,,,,,,,,,,,,,,,,,,,,,,,,,,,,,,,,,,,,,,,,,,,,,,,,,
se,md,four,t4_5,PVER,BASA,PVER,PVER,PVER,BASA,SPR,SPR,SPR,SPR,PVER,BASA,BASA,BASA,BASA,BASA,BASA,BASA,SPR,PVER,PVER,PLOB,PVER,BASA,BASA,PLOB,BASA,BASA,O,PVER,PVER,SHAD,PLOB,PVER,SPR,SPR,PVER,SPR,PVER,BASA,O,CALC,PLOB,PLOB,SPR,SPR,PVER,BASA,BASA,BASA,BASA,PVER,PVER,PLOB,SPR,SPR,PLOB,BASA,PVER,PLOB,UNK,PVER,PVER,PVER,SPR,PLOB,BASA,EAM,EAM,PLOB,PLOB,UNK,BASA,CALC,CALC,PVER,SPR,PVER,BASA,EAM,PLOB,PLOB,EAM,BASA,CALC,BASA,EAM,BASA,PVER,UNK,PLOB,PVER,UNK,O,BASA,CCA,UNK,PVER,PLOB,UNK,,,,,,,,,,,,,,,,,,,,,,,,,,,,,,,,,,,,,,,,,,,,,,,,,,,,,,,,,,,,,,,,,,,,,,,,,,,,,,,,,,,,,,,,,,,,,,,,,,,,,,,,,,,,,,,,,,,,,,,,,,,,,,,,,,,,,,,,,,,,,,,,,,,,,,,,,,,,,,,,,,,,,,,,,,,,,,,,,,,,,,,,,,,,,,,,,,,,,,,,
se,md,four,t4_6,EAM,EAM,EAM,EAM,CALC,EAM,CALC,CALC,PLOB,PLOB,PVER,PVER,PLOB,PLOB,EAM,EAM,BASA,PLOB,PLOB,SPR,PVER,PVER,PVER,PLOB,PLOB,EAM,PVER,PLOB,PLOB,SPR,PVER,PVER,PVER,PLOB,PLOB,PLOB,O,SPR,WAND,SPR,EAM,EAM,PLOB,PVER,SPR,SPR,PLOB,PLOB,O,SPR,CCA,BASA,PLOB,CALC,SPR,PLOB,PLOB,PLOB,SPR,SPR,PVER,PLOB,PLOB,PLOB,CALC,CCA,PLOB,PVER,PVER,SPR,SPR,SPR,CCA,PVER,PVER,PVER,PVER,PVER,PVER,PVER,PLOB,UNK,PVER,PVER,PVER,SPR,SPR,SPR,PVER,PLOB,PLOB,PLOB,PLOB,PLOB,PVER,SPR,SPR,PLOB,PLOB,SPR,,,,,,,,,,,,,,,,,,,,,,,,,,,,,,,,,,,,,,,,,,,,,,,,,,,,,,,,,,,,,,,,,,,,,,,,,,,,,,,,,,,,,,,,,,,,,,,,,,,,,,,,,,,,,,,,,,,,,,,,,,,,,,,,,,,,,,,,,,,,,,,,,,,,,,,,,,,,,,,,,,,,,,,,,,,,,,,,,,,,,,,,,,,,,,,,,,,,,,,,
se,md,four,t4_7,PLOB,PLOB,PLOB,PLOB,O,O,PVER,CALC,CALC,CALC,PLOB,PLOB,PLOB,PLOB,PLOB,PVER,PVER,PVER,O,SPR,PVER,PVER,PVER,PLOB,PLOB,PLOB,PVER,WAND,SPR,SPR,PLOB,PLOB,PLOB,PLOB,PLOB,PLOB,PVER,PVER,PVER,PLOB,PVER,O,PLOB,PVER,PLOB,PLOB,SPR,SPR,SPR,PVER,PVER,PVER,PLOB,PVER,CALC,PLOB,PVER,SPR,SPR,PLOB,O,O,PVER,PVER,CALC,PLOB,PVER,PLOB,PLOB,PLOB,EAM,EAM,PLOB,PVER,PLOB,PVER,BASA,PVER,PLOB,PLOB,EAM,PLOB,PLOB,O,O,PLOB,CALC,CALC,BASA,BASA,PLOB,PVER,PVER,PVER,PVER,O,PLOB,O,BASA,BASA,,,,,,,,,,,,,,,,,,,,,,,,,,,,,,,,,,,,,,,,,,,,,,,,,,,,,,,,,,,,,,,,,,,,,,,,,,,,,,,,,,,,,,,,,,,,,,,,,,,,,,,,,,,,,,,,,,,,,,,,,,,,,,,,,,,,,,,,,,,,,,,,,,,,,,,,,,,,,,,,,,,,,,,,,,,,,,,,,,,,,,,,,,,,,,,,,,,,,,,,
se,md,four,t4_8,CYANO,CCA,CYANO,CYANO,CCA,CCA,CCA,CCA,WAND,O,PVER,CYANO,CYANO,CYANO,CCA,PLOB,PLOB,WAND,WAND,O,PVER,PVER,PLOB,PLOB,EAM,SPON,CCA,PLOB,CYANO,PVER,PVER,CCA,UNK,PLOB,PVER,PVER,PLOB,PLOB,PLOB,PVER,PLOB,EAM,O,PLOB,PLOB,PLOB,PLOB,PLOB,PVER,PVER,PVER,EAM,EAM,EAM,PLOB,PLOB,EAM,PLOB,PVER,PVER,PVER,O,EAM,EAM,EAM,EAM,PLOB,CALC,CALC,PVER,O,O,EAM,CCA,O,O,PVER,PVER,PVER,PVER,CCA,PLOB,PVER,PVER,PVER,PVER,PVER,PVER,PVER,PVER,CCA,PLOB,PVER,PVER,PVER,PVER,PVER,PVER,PVER,UNK,,,,,,,,,,,,,,,,,,,,,,,,,,,,,,,,,,,,,,,,,,,,,,,,,,,,,,,,,,,,,,,,,,,,,,,,,,,,,,,,,,,,,,,,,,,,,,,,,,,,,,,,,,,,,,,,,,,,,,,,,,,,,,,,,,,,,,,,,,,,,,,,,,,,,,,,,,,,,,,,,,,,,,,,,,,,,,,,,,,,,,,,,,,,,,,,,,,,,,,,
se,md,four,t4_9,PLOB,PLOB,PLOB,EAM,BASA,EAM,BASA,UNK,PVER,PVER,PVER,O,EAM,PVER,PVER,PLOB,PLOB,SPR,PVER,PVER,PVER,BASA,SPR,PVER,PVER,PLOB,PVER,PVER,PVER,PVER,PVER,PLOB,PVER,PVER,CCA,CALC,PVER,PVER,PVER,PVER,PVER,PVER,PVER,PVER,PLOB,PVER,PVER,PVER,PVER,CCA,PVER,SPR,O,PLOB,PLOB,PLOB,CALC,CALC,UNK,PLOB,BASA,BASA,BASA,PVER,PLOB,CCA,CALC,CALC,PVER,PLOB,PVER,UNK,UNK,PVER,PVER,PLOB,PLOB,PVER,PVER,PVER,UNK,EAM,UNK,UNK,UNK,PLOB,EAM,PVER,PLOB,PLOB,SPR,SPR,CCA,PVER,BASA,SHAD,PVER,CCA,PLOB,PLOB,,,,,,,,,,,,,,,,,,,,,,,,,,,,,,,,,,,,,,,,,,,,,,,,,,,,,,,,,,,,,,,,,,,,,,,,,,,,,,,,,,,,,,,,,,,,,,,,,,,,,,,,,,,,,,,,,,,,,,,,,,,,,,,,,,,,,,,,,,,,,,,,,,,,,,,,,,,,,,,,,,,,,,,,,,,,,,,,,,,,,,,,,,,,,,,,,,,,,,,,
se,md,four,t4_10,PLOB,UNK,PVER,PVER,PVER,PVER,PLOB,PLOB,PLOB,PLOB,PLOB,PLOB,SPR,SPR,PVER,PVER,PLOB,PLOB,PLOB,PLOB,O,SPR,CCA,CCA,CCA,SPR,SPR,SPR,PLOB,BASA,BASA,O,EAM,EAM,PVER,PVER,PVER,WAND,SPR,BASA,BASA,BASA,BASA,BASA,PVER,PVER,PVER,EAM,SPR,BASA,BASA,PLOB,PLOB,SPR,SPR,SPR,PVER,SPR,SPR,SPR,EAM,PLOB,EAM,EAM,EAM,PLOB,PLOB,SPR,SPR,BASA,EAM,BASA,EAM,EAM,SPR,PVER,PVER,PLOB,SPR,EAM,CCA,BASA,BASA,EAM,BASA,BASA,PVER,SPR,SPR,SPR,BASA,EAM,BASA,BASA,BASA,SPR,SPR,SPR,EAM,PLOB,,,,,,,,,,,,,,,,,,,,,,,,,,,,,,,,,,,,,,,,,,,,,,,,,,,,,,,,,,,,,,,,,,,,,,,,,,,,,,,,,,,,,,,,,,,,,,,,,,,,,,,,,,,,,,,,,,,,,,,,,,,,,,,,,,,,,,,,,,,,,,,,,,,,,,,,,,,,,,,,,,,,,,,,,,,,,,,,,,,,,,,,,,,,,,,,,,,,,,,,
se,md,four,t4_11,EAM,EAM,EAM,O,O,PVER,PVER,SPON,PVER,PVER,PVER,PVER,EAM,PLOB,PLOB,PLOB,PVER,EAM,EAM,EAM,PVER,CCA,CCA,CCA,PLOB,EAM,EAM,CALC,CALC,EAM,PVER,CCA,CCA,CCA,PLOB,PLOB,EAM,CALC,CALC,CALC,CCA,CCA,CCA,CCA,PLOB,PLOB,PLOB,PLOB,EAM,PVER,PLOB,CCA,PLOB,PLOB,PLOB,PLOB,EAM,PVER,PVER,PVER,CCA,CALC,PLOB,PLOB,PLOB,PLOB,PLOB,PLOB,SHAD,EAM,EAM,PLOB,PLOB,PLOB,PLOB,PLOB,EAM,EAM,PVER,EAM,EAM,EAM,PVER,EAM,PLOB,EAM,EAM,PVER,PVER,PVER,PVER,UNK,PVER,PVER,PVER,UNK,EAM,EAM,UNK,PVER,,,,,,,,,,,,,,,,,,,,,,,,,,,,,,,,,,,,,,,,,,,,,,,,,,,,,,,,,,,,,,,,,,,,,,,,,,,,,,,,,,,,,,,,,,,,,,,,,,,,,,,,,,,,,,,,,,,,,,,,,,,,,,,,,,,,,,,,,,,,,,,,,,,,,,,,,,,,,,,,,,,,,,,,,,,,,,,,,,,,,,,,,,,,,,,,,,,,,,,,
se,md,four,t4_12,PVER,PVER,UNK,UNK,UNK,PVER,PVER,PVER,PVER,UNK,PVER,UNK,EAM,CCA,CCA,UNK,PVER,EAM,CCA,PLOB,PVER,PVER,EAM,EAM,CCA,CCA,BASA,CCA,CCA,EAM,CCA,CCA,CCA,CCA,UNK,EAM,CCA,WAND,CCA,CCA,EAM,PLOB,PLOB,EAM,EAM,PVER,PVER,PVER,PVER,PLOB,EAM,PLOB,PLOB,EAM,CALC,O,PVER,PVER,PVER,PVER,PVER,PVER,EAM,EAM,O,CALC,CALC,CALC,CALC,EAM,PVER,CCA,CCA,PVER,PVER,PVER,PVER,PVER,PVER,PVER,PVER,PVER,EAM,PVER,PVER,PVER,PVER,PVER,PVER,O,PVER,PVER,PVER,SHAD,PVER,PVER,PVER,PVER,O,O,,,,,,,,,,,,,,,,,,,,,,,,,,,,,,,,,,,,,,,,,,,,,,,,,,,,,,,,,,,,,,,,,,,,,,,,,,,,,,,,,,,,,,,,,,,,,,,,,,,,,,,,,,,,,,,,,,,,,,,,,,,,,,,,,,,,,,,,,,,,,,,,,,,,,,,,,,,,,,,,,,,,,,,,,,,,,,,,,,,,,,,,,,,,,,,,,,,,,,,,
se,md,four,t4_13,PVER,CALC,PLOB,PLOB,PLOB,PVER,CYANO,CALC,CALC,EAM,PVER,PVER,CALC,PLOB,PLOB,CALC,CALC,CALC,CALC,WAND,PVER,PVER,CALC,CALC,CALC,CALC,CALC,CALC,CALC,CALC,PVER,PLOB,PVER,O,CALC,CALC,CALC,CALC,SPR,SPR,PVER,UNK,PVER,SPR,EAM,EAM,SPR,UNK,CALC,EAM,EAM,EAM,EAM,SPR,CALC,UNK,SPR,SPR,SPR,EAM,PLOB,UNK,UNK,PVER,PVER,UNK,SPR,PVER,PVER,PVER,O,O,O,PVER,PVER,PVER,PVER,PVER,PVER,CALC,O,O,O,O,PVER,PVER,EAM,EAM,CALC,CALC,O,O,PVER,O,PVER,PVER,PVER,CALC,CCA,UNK,,,,,,,,,,,,,,,,,,,,,,,,,,,,,,,,,,,,,,,,,,,,,,,,,,,,,,,,,,,,,,,,,,,,,,,,,,,,,,,,,,,,,,,,,,,,,,,,,,,,,,,,,,,,,,,,,,,,,,,,,,,,,,,,,,,,,,,,,,,,,,,,,,,,,,,,,,,,,,,,,,,,,,,,,,,,,,,,,,,,,,,,,,,,,,,,,,,,,,,,
se,md,four,t4_14,CCA,CCA,BASA,CCA,BASA,PVER,PVER,PVER,EAM,EAM,BASA,CCA,BASA,BASA,PVER,PVER,PVER,CCA,PVER,PLOB,CCA,BASA,CCA,BASA,PVER,PVER,EAM,BASA,EAM,CCA,BASA,BASA,CCA,PVER,PVER,PVER,PVER,PVER,CCA,CCA,PVER,BASA,CCA,PVER,PVER,PVER,PVER,O,O,O,PVER,O,CCA,BASA,BASA,BASA,CCA,CYANO,CYANO,CALC,O,O,O,BASA,BASA,BASA,CALC,CALC,CALC,CALC,BASA,BASA,BASA,BASA,BASA,BASA,CALC,CYANO,CYANO,CYANO,BASA,BASA,BASA,BASA,BASA,CCA,EAM,BASA,BASA,PVER,CCA,BASA,BASA,CCA,PVER,PVER,EAM,BASA,BASA,PVER,,,,,,,,,,,,,,,,,,,,,,,,,,,,,,,,,,,,,,,,,,,,,,,,,,,,,,,,,,,,,,,,,,,,,,,,,,,,,,,,,,,,,,,,,,,,,,,,,,,,,,,,,,,,,,,,,,,,,,,,,,,,,,,,,,,,,,,,,,,,,,,,,,,,,,,,,,,,,,,,,,,,,,,,,,,,,,,,,,,,,,,,,,,,,,,,,,,,,,,,
se,md,four,t4_15,O,PVER,PVER,EAM,EAM,EAM,EAM,PVER,PVER,EAM,BASA,PVER,BASA,PVER,CCA,PLOB,PLOB,PVER,PVER,PVER,BASA,PVER,PVER,PVER,PVER,PVER,CCA,BASA,BASA,PVER,PVER,PVER,PVER,CCA,PVER,BASA,CCA,BASA,BASA,CCA,CCA,CCA,CCA,CCA,CCA,CCA,BASA,CCA,BASA,CCA,CCA,CCA,BASA,CCA,CCA,CCA,CCA,CCA,PLOB,BASA,CCA,CCA,EAM,EAM,CCA,BASA,CCA,BASA,BASA,BASA,O,PLOB,CCA,CCA,PLOB,PLOB,PLOB,BASA,BASA,PVER,PLOB,PLOB,PLOB,BASA,PVER,SHAD,PVER,BASA,BASA,BASA,EAM,PLOB,EAM,BASA,EAM,PVER,TAPE,CCA,PVER,PVER,,,,,,,,,,,,,,,,,,,,,,,,,,,,,,,,,,,,,,,,,,,,,,,,,,,,,,,,,,,,,,,,,,,,,,,,,,,,,,,,,,,,,,,,,,,,,,,,,,,,,,,,,,,,,,,,,,,,,,,,,,,,,,,,,,,,,,,,,,,,,,,,,,,,,,,,,,,,,,,,,,,,,,,,,,,,,,,,,,,,,,,,,,,,,,,,,,,,,,,,
