location ,depth,transect,photo,pt1,pt2,pt3,pt4,pt5,pt6,pt7,pt8,pt9,pt10,pt11,pt12,pt13,pt14,pt15,pt16,pt17,pt18,pt19,pt20,pt21,pt22,pt23,pt24,pt25,pt26,pt27,pt28,pt29,pt30,pt31,pt32,pt33,pt34,pt35,pt36,pt37,pt38,pt39,pt40,pt41,pt42,pt43,pt44,pt45,pt46,pt47,pt48,pt49,pt50,pt51,pt52,pt53,pt54,pt55,pt56,pt57,pt58,pt59,pt60,pt61,pt62,pt63,pt64,pt65,pt66,pt67,pt68,pt69,pt70,pt71,pt72,pt73,pt74,pt75,pt76,pt77,pt78,pt79,pt80,pt81,pt82,pt83,pt84,pt85,pt86,pt87,pt88,pt89,pt90,pt91,pt92,pt93,pt94,pt95,pt96,pt97,pt98,pt99,pt100
ana,md,one,t1_1,UNK,PVER,PVER,PVER,PLOB,PLOB,PLOB,PLOB,PLOB,UNK,MACRO_UNK,TURF,PVER,PVER,UNK,EAM,EAM,UNK,PLOB,UNK,HALI,HALI,PLOB,PLOB,TURF,PLOB,EAM,SHAD,PLOB,UNK,SHAD,HALI,PLOB,PLOB,PLOB,EAM,WAND,EAM,EAM,EAM,PLOB,PLOB,PLOB,PLOB,PLOB,EAM,HALI,TURF,HALI,EAM,PLOB,PLOB,PLOB,PLOB,PLOB,EAM,EAM,HALI,HALI,SHAD,PLOB,PLOB,PLOB,PLOB,TURF,EAM,TURF,TURF,PLOB,PLOB,PLOB,PLOB,PLOB,PLOB,PLOB,PLOB,PLOB,SHAD,SHAD,PLOB,PLOB,UNK,UNK,SHAD,SHAD,PLOB,PLOB,SHAD,SHAD,SHAD,SHAD,SHAD,UNK,UNK,UNK,UNK,SHAD,PLOB,PLOB,SHAD
ana,md,one,t1_2,SHAD,PLOB,SHAD,SHAD,SHAD,SHAD,PLOB,PLOB,PLOB,PLOB,SHAD,SHAD,PLOB,SHAD,PLOB,PLOB,PLOB,PLOB,PLOB,SHAD,PLOB,PLOB,SHAD,SHAD,PLOB,CALC,CALC,CALC,CALC,TAPE,PLOB,PLOB,SHAD,PLOB,TURF,PLOB,PLOB,CALC,CALC,UNK,PLOB,PLOB,SHAD,SHAD,TAPE,PLOB,SHAD,SHAD,SHAD,PLOB,SHAD,HALI,PLOB,TURF,SHAD,UNK,SHAD,SHAD,PLOB,SHAD,SHAD,SHAD,SHAD,UNK,SHAD,SHAD,PMEA,PMEA,PMEA,UNK,SHAD,SHAD,SHAD,SHAD,UNK,PMEA,PMEA,PMEA,SHAD,PMEA,PVER,SHAD,SHAD,PVER,SHAD,PVER,SHAD,PMEA,PMEA,PMEA,PVER,SHAD,SHAD,PVER,PVER,SHAD,PVER,SHAD,SHAD,PMEA
ana,md,one,t1_3,PLOB,PLOB,PLOB,PLOB,PLOB,PLOB,PLOB,UNK,PLOB,PLOB,PLOB,PLOB,PLOB,PLOB,PLOB,PLOB,PLOB,PLOB,PLOB,PLOB,PLOB,PLOB,PLOB,PLOB,TURF,PLOB,PLOB,PLOB,PLOB,SHAD,PLOB,CALC,CALC,PLOB,TURF,UNK,PLOB,PLOB,TURF,PLOB,TURF,CALC,TURF,PLOB,TURF,TURF,PLOB,PLOB,PLOB,SHAD,PLOB,PLOB,SHAD,TURF,TURF,TURF,TURF,SHAD,TURF,TURF,PLOB,UNK,PLOB,HALI,SHAD,HALI,HALI,HALI,TURF,SHAD,PLOB,HALI,HALI,PLOB,UNK,UNK,HALI,HALI,SHAD,PLOB,SHAD,CALC,UNK,UNK,PLOB,SHAD,SHAD,PLOB,TURF,PLOB,SHAD,SHAD,SHAD,SHAD,PLOB,PLOB,EAM,EAM,UNK,UNK
ana,md,one,t1_4,SHAD,PLOB,PLOB,PLOB,PLOB,PLOB,PLOB,PLOB,PLOB,PLOB,PLOB,HALI,HALI,PLOB,PLOB,PLOB,PLOB,SHAD,SHAD,SHAD,PLOB,PLOB,PLOB,PLOB,PLOB,PLOB,PLOB,PLOB,PLOB,UNK,PLOB,PLOB,PLOB,PLOB,PLOB,PLOB,PLOB,PLOB,HALI,PLOB,PLOB,PLOB,PLOB,PLOB,PLOB,PLOB,PLOB,PLOB,HALI,PLOB,HALI,HALI,PLOB,PLOB,PLOB,PLOB,HALI,HALI,PLOB,PLOB,SHAD,SHAD,HALI,PLOB,MACRO_UNK,PLOB,HALI,PLOB,EAM,SHAD,SHAD,SHAD,PLOB,EAM,PLOB,PLOB,TURF,PLOB,PLOB,HALI,SHAD,PLOB,PLOB,PLOB,PLOB,PLOB,PLOB,PLOB,PLOB,PLOB,PLOB,SHAD,SHAD,SHAD,SHAD,UNK,SHAD,SHAD,SHAD,SHAD
ana,md,one,t1_5,PLOB,PLOB,MACRO_UNK,MACRO_UNK,PLOB,SHAD,PLOB,PLOB,PLOB,PLOB,SHAD,PLOB,PLOB,EAM,HALI,MACRO_UNK,SHAD,PLOB,PLOB,PLOB,PLOB,PLOB,PLOB,HALI,SHAD,PLOB,PLOB,SHAD,PLOB,PLOB,PLOB,PLOB,PLOB,PLOB,PLOB,UNK,PLOB,PLOB,PLOB,SHAD,SHAD,PLOB,HALI,PLOB,PLOB,WAND,PLOB,TAPE,PLOB,PLOB,PLOB,PLOB,HALI,PLOB,PLOB,PLOB,PLOB,SHAD,PLOB,PLOB,PLOB,PLOB,PLOB,HALI,PLOB,PLOB,PLOB,PLOB,SHAD,PLOB,SHAD,PLOB,SHAD,PLOB,PLOB,SHAD,SHAD,SHAD,PLOB,PLOB,PLOB,PLOB,PLOB,PLOB,PLOB,SHAD,PLOB,SHAD,PLOB,PLOB,SHAD,SHAD,PLOB,PLOB,PLOB,PLOB,PLOB,SHAD,SHAD,PLOB
ana,md,one,t1_6,MACRO_UNK,PLOB,PLOB,HALI,SHAD,PLOB,PLOB,PLOB,PLOB,PLOB,SHAD,SHAD,MACRO_UNK,HALI,PLOB,PLOB,PLOB,PLOB,HALI,SHAD,PLOB,PLOB,HALI,PLOB,MACRO_UNK,PLOB,PLOB,WAND,PLOB,PLOB,SHAD,PLOB,PLOB,SHAD,PLOB,HALI,PLOB,PLOB,PLOB,PLOB,PLOB,PLOB,PLOB,PLOB,SHAD,SHAD,SHAD,SHAD,SHAD,PLOB,PLOB,PLOB,PLOB,PLOB,PLOB,SHAD,SHAD,SHAD,PLOB,PLOB,PLOB,PLOB,SHAD,SHAD,SHAD,SHAD,PLOB,PLOB,PLOB,PLOB,PLOB,PLOB,PLOB,PLOB,PLOB,PLOB,HALI,PLOB,SHAD,PLOB,SHAD,PLOB,PLOB,PLOB,PLOB,PLOB,SHAD,PLOB,PLOB,PLOB,PLOB,PLOB,SHAD,SHAD,PLOB,SHAD,PLOB,SHAD,PLOB,HALI
ana,md,one,t1_7,PLOB,SHAD,PLOB,SHAD,PLOB,PLOB,PLOB,SHAD,SHAD,SHAD,PLOB,PLOB,PLOB,PLOB,PLOB,CALC,PLOB,PLOB,PLOB,PLOB,PLOB,PLOB,PLOB,PLOB,PLOB,PLOB,PLOB,PLOB,PLOB,PLOB,PLOB,PLOB,PLOB,PLOB,PLOB,PLOB,PLOB,PLOB,PLOB,PLOB,EAM,HALI,PLOB,PLOB,UNK,UNK,PLOB,PLOB,UNK,PLOB,HALI,EAM,PLOB,PLOB,UNK,PLOB,PLOB,PLOB,SHAD,PLOB,SHAD,SHAD,PLOB,PLOB,PLOB,PLOB,PLOB,PLOB,PLOB,PLOB,PLOB,PLOB,PLOB,PLOB,PLOB,PLOB,PLOB,PLOB,SHAD,PLOB,PLOB,PLOB,PLOB,PLOB,PLOB,PLOB,PLOB,SHAD,PLOB,PLOB,PLOB,PLOB,PLOB,PLOB,PLOB,PLOB,PLOB,PLOB,PLOB,SHAD
ana,md,one,t1_8,PLOB,PLOB,PLOB,PLOB,SHAD,SHAD,PLOB,TAPE,PLOB,PLOB,HALI,PLOB,PLOB,PLOB,PLOB,PLOB,PLOB,PLOB,PLOB,PLOB,SHAD,PLOB,LVAR,PLOB,PLOB,SHAD,PLOB,PLOB,PLOB,PLOB,SHAD,PLOB,PLOB,PLOB,PLOB,PLOB,PLOB,PLOB,PLOB,PLOB,PLOB,PLOB,SHAD,PLOB,PLOB,PLOB,SHAD,PLOB,PLOB,PLOB,SHAD,PLOB,PLOB,PLOB,PLOB,PLOB,PLOB,PLOB,PLOB,PLOB,PLOB,PLOB,PLOB,PLOB,HALI,HALI,PLOB,PLOB,PLOB,PLOB,PLOB,PLOB,PLOB,PLOB,TURF,PLOB,PLOB,PLOB,PLOB,PLOB,PLOB,PLOB,PLOB,PLOB,PLOB,PLOB,PLOB,PLOB,PLOB,PLOB,PLOB,PLOB,PLOB,PLOB,PLOB,PLOB,PLOB,PLOB,PLOB,PLOB
ana,md,one,t1_9,HALI,HALI,PLOB,PLOB,PLOB,PLOB,PLOB,PLOB,PLOB,PLOB,PLOB,PLOB,PLOB,PLOB,PLOB,PLOB,PLOB,PLOB,PLOB,PLOB,PLOB,PLOB,PLOB,PLOB,CVAU,WAND,PLOB,PLOB,PLOB,PLOB,SHAD,PLOB,PLOB,PLOB,PLOB,PLOB,PLOB,PLOB,PLOB,PLOB,PLOB,SHAD,PLOB,PLOB,PLOB,PLOB,PLOB,PLOB,PLOB,PLOB,SHAD,SHAD,PLOB,PLOB,PLOB,SHAD,PLOB,PLOB,PLOB,SHAD,SHAD,SHAD,SHAD,SHAD,PLOB,TAPE,PLOB,TAPE,TAPE,PLOB,UNK,SHAD,SHAD,PLOB,PLOB,PLOB,PLOB,PLOB,PLOB,PLOB,SHAD,PLOB,SHAD,PLOB,SHAD,PLOB,PLOB,PLOB,PLOB,PLOB,PLOB,PLOB,PLOB,PLOB,PLOB,PLOB,PLOB,PLOB,PLOB,PLOB
ana,md,one,t1_10,PLOB,PLOB,PLOB,HALI,HALI,HALI,HALI,HALI,HALI,PLOB,PLOB,PLOB,PLOB,PLOB,PLOB,PLOB,SHAD,HALI,PLOB,PLOB,PLOB,PLOB,PLOB,SHAD,WAND,PLOB,SHAD,PLOB,PLOB,PLOB,PLOB,PLOB,PLOB,PLOB,PLOB,PLOB,PLOB,PLOB,SHAD,PLOB,PLOB,PLOB,PLOB,PLOB,PLOB,PLOB,PLOB,SHAD,SHAD,PLOB,PLOB,PLOB,PLOB,PLOB,PLOB,PLOB,HALI,PLOB,SHAD,PLOB,PLOB,PLOB,PLOB,PLOB,PLOB,PLOB,PLOB,SHAD,EAM,PLOB,SHAD,SHAD,PLOB,PLOB,PLOB,PLOB,PLOB,SHAD,PLOB,SHAD,PLOB,PLOB,PLOB,PLOB,PLOB,PLOB,PLOB,SHAD,TAPE,PLOB,PLOB,PLOB,SHAD,PLOB,PLOB,PLOB,SHAD,SHAD,SHAD,PLOB
ana,md,one,t1_11,PLOB,PLOB,PLOB,SHAD,PLOB,PLOB,PLOB,PLOB,PLOB,PLOB,PLOB,PLOB,PLOB,SHAD,PLOB,PLOB,PLOB,PLOB,PLOB,PLOB,PLOB,SHAD,SHAD,SHAD,PLOB,PLOB,PLOB,SHAD,SHAD,PLOB,SHAD,PLOB,SHAD,PLOB,WAND,PLOB,PLOB,PLOB,PLOB,PLOB,PLOB,PLOB,PLOB,PLOB,PLOB,PLOB,PLOB,PLOB,SHAD,PLOB,SHAD,PLOB,PLOB,PLOB,PLOB,PLOB,PLOB,PLOB,SHAD,PLOB,PLOB,PLOB,PLOB,PLOB,SHAD,PLOB,PLOB,SHAD,PLOB,PLOB,TAPE,PLOB,PLOB,PLOB,PLOB,PLOB,PLOB,PLOB,PLOB,SHAD,SHAD,SHAD,SHAD,HALI,TAPE,SHAD,SHAD,TAPE,SHAD,SHAD,PLOB,PLOB,PLOB,SHAD,PLOB,PLOB,PLOB,SHAD,PLOB,TURF
ana,md,one,t1_12,PLOB,PLOB,PLOB,PLOB,PLOB,PLOB,PLOB,PLOB,SHAD,PLOB,PLOB,PLOB,PLOB,PLOB,PLOB,PLOB,PLOB,PLOB,PLOB,PLOB,PLOB,PLOB,PLOB,PLOB,PLOB,PLOB,PLOB,TAPE,PLOB,PLOB,MACRO_UNK,PLOB,PLOB,PLOB,PLOB,PLOB,SHAD,SHAD,PLOB,PLOB,PLOB,PLOB,PLOB,PLOB,PLOB,WAND,PLOB,PLOB,PLOB,SHAD,PLOB,PLOB,PLOB,PLOB,PLOB,PLOB,PLOB,PLOB,PLOB,PLOB,PLOB,PLOB,PLOB,PLOB,PLOB,PLOB,PLOB,PLOB,SHAD,PLOB,HALI,HALI,PLOB,PLOB,PLOB,PLOB,PLOB,PLOB,PLOB,PLOB,SHAD,HALI,PLOB,PLOB,PLOB,PLOB,PLOB,PLOB,PLOB,PLOB,HALI,HALI,PLOB,PLOB,PLOB,SHAD,PLOB,PLOB,PLOB,PLOB
ana,md,one,t1_13,PLOB,PLOB,PLOB,PLOB,PLOB,PLOB,PLOB,CWEB,CWEB,PLOB,PLOB,PLOB,PLOB,PLOB,PLOB,PLOB,PLOB,PLOB,CWEB,PLOB,PLOB,PLOB,PLOB,PLOB,PLOB,PLOB,PLOB,PLOB,CWEB,PLOB,PLOB,PLOB,PLOB,PLOB,HALI,PLOB,PLOB,PLOB,PLOB,PLOB,PLOB,PLOB,PLOB,PLOB,PLOB,WAND,PLOB,PLOB,MACRO_UNK,MACRO_UNK,PLOB,PLOB,PLOB,HALI,PLOB,MACRO_UNK,PLOB,PLOB,PLOB,PLOB,PLOB,UNK,PLOB,SHAD,PLOB,PLOB,PLOB,SHAD,PLOB,PLOB,SHAD,PLOB,PLOB,PLOB,PLOB,PLOB,PLOB,PLOB,PLOB,HALI,PLOB,PLOB,PLOB,PLOB,SHAD,PLOB,PLOB,PLOB,PLOB,MACRO_UNK,MACRO_UNK,MACRO_UNK,MACRO_UNK,PLOB,PLOB,PLOB,SHAD,HALI,SHAD,SHAD
ana,md,one,t1_14,PLOB,PLOB,SHAD,PLOB,SHAD,PLOB,PLOB,PLOB,PLOB,PLOB,PLOB,PLOB,PLOB,PLOB,MACRO_UNK,PLOB,PLOB,PLOB,PLOB,PLOB,EAM,MACRO_UNK,MACRO_UNK,SHAD,PLOB,PLOB,SHAD,WAND,PLOB,PLOB,SHAD,PLOB,PLOB,PLOB,PLOB,HALI,PLOB,PLOB,PLOB,PLOB,SHAD,PLOB,SHAD,PLOB,HALI,HALI,PLOB,MACRO_UNK,PLOB,PLOB,EAM,PLOB,PLOB,PLOB,PLOB,PLOB,TURF,EAM,HALI,PLOB,TURF,PLOB,PLOB,PLOB,SHAD,PLOB,HALI,EAM,EAM,PLOB,EAM,PLOB,PLOB,HALI,SHAD,PLOB,PLOB,SHAD,PLOB,PLOB,EAM,HALI,HALI,HALI,HALI,PLOB,PLOB,PLOB,PLOB,HALI,PLOB,HALI,PLOB,PLOB,HALI,EAM,TAPE,PLOB,HALI,TURF
ana,md,one,t1_15,PLOB,PLOB,PLOB,PLOB,PLOB,PLOB,MACRO_UNK,PLOB,PLOB,PLOB,PLOB,PLOB,PLOB,PLOB,PLOB,PLOB,PLOB,PLOB,PLOB,PLOB,PLOB,PLOB,PLOB,PLOB,PLOB,PLOB,PLOB,PLOB,PLOB,PLOB,PLOB,PLOB,PLOB,PLOB,PLOB,PLOB,PLOB,PLOB,PLOB,UNK,PLOB,PLOB,PLOB,PLOB,PLOB,PLOB,PLOB,PLOB,PLOB,PLOB,SHAD,PLOB,PLOB,PLOB,PLOB,PLOB,PLOB,PLOB,PLOB,PLOB,SHAD,PLOB,PLOB,PLOB,PLOB,PLOB,PLOB,PLOB,PLOB,HALI,PLOB,MACRO_UNK,MACRO_UNK,SHAD,PLOB,UNK,UNK,PLOB,HALI,HALI,SHAD,HALI,SHAD,HALI,UNK,UNK,SHAD,UNK,UNK,PLOB,PLOB,PLOB,PLOB,PLOB,PLOB,PLOB,UNK,UNK,UNK,HALI
ana,md,two,t2_1,SPR,SPR,SPR,SPR,SPR,PLOB,PLOB,PLOB,PLOB,PLOB,PLOB,PLOB,SPR,PLOB,PLOB,PLOB,PLOB,PLOB,PLOB,PLOB,PLOB,PLOB,PLOB,PLOB,PLOB,PLOB,PLOB,PLOB,MACRO_UNK,UNK,PLOB,SHAD,SHAD,PLOB,PLOB,PLOB,PLOB,PLOB,PLOB,PLOB,TURF,PLOB,PLOB,PLOB,PLOB,PLOB,PLOB,PLOB,PLOB,WAND,EAM,EAM,SPR,PLOB,PLOB,SHAD,PLOB,PLOB,PLOB,MACRO_UNK,PLOB,PLOB,PLOB,PLOB,MACRO_UNK,PLOB,PLOB,PLOB,MACRO_UNK,PLOB,SHAD,PLOB,PLOB,PLOB,SPR,TAPE,PLOB,PLOB,PLOB,PLOB,PLOB,PLOB,PLOB,PLOB,MACRO_UNK,PLOB,SHAD,PLOB,PLOB,PLOB,SHAD,PLOB,HALI,PLOB,MACRO_UNK,SHAD,PLOB,CYANO,PLOB,PLOB
ana,md,two,t2_2,PLOB,SPR,SPR,SPR,SPR,SPR,SPR,SPR,PLOB,PLOB,PLOB,PLOB,PLOB,PLOB,SPR,SPR,SPR,PLOB,PLOB,PLOB,PLOB,PLOB,PLOB,PLOB,PLOB,PLOB,PLOB,SPR,PLOB,PLOB,PLOB,PLOB,PLOB,PLOB,PLOB,PLOB,PLOB,PLOB,PLOB,PLOB,PLOB,PLOB,PLOB,PLOB,PLOB,PLOB,PLOB,TURF,PLOB,PLOB,PLOB,PLOB,PLOB,PLOB,PLOB,PLOB,TURF,SHAD,PLOB,SHAD,PLOB,PLOB,PLOB,PLOB,PLOB,PLOB,PLOB,PLOB,PLOB,PLOB,SHAD,PLOB,PLOB,PLOB,PLOB,PLOB,PLOB,PLOB,PLOB,PLOB,TAPE,PLOB,PLOB,PLOB,HALI,PLOB,PLOB,PLOB,TURF,TURF,PLOB,TURF,PLOB,PLOB,PLOB,PLOB,PLOB,PLOB,PLOB,PLOB
ana,md,two,t2_3,PLOB,PLOB,PLOB,PLOB,PLOB,PLOB,PLOB,PLOB,PLOB,EAM,PLOB,PLOB,PLOB,PLOB,PLOB,PLOB,PLOB,PLOB,PLOB,PLOB,PLOB,PLOB,PLOB,PLOB,PLOB,PLOB,PLOB,PLOB,PLOB,PLOB,PLOB,PLOB,PLOB,PLOB,PLOB,PLOB,SHAD,PLOB,PLOB,PLOB,PLOB,PLOB,MACRO_UNK,PLOB,PLOB,PLOB,EAM,WAND,PLOB,PLOB,PLOB,MACRO_UNK,MACRO_UNK,PLOB,PLOB,PLOB,PLOB,PLOB,PLOB,PLOB,PLOB,PLOB,MACRO_UNK,PLOB,PLOB,SOBT,SHAD,PLOB,PLOB,PLOB,PLOB,HALI,PLOB,PLOB,PLOB,SOBT,PLOB,PLOB,PLOB,PLOB,PLOB,PLOB,PLOB,PLOB,PLOB,PLOB,TAPE,SHAD,PLOB,TAPE,SHAD,PLOB,PLOB,PLOB,PLOB,HALI,PLOB,PLOB,PLOB,HALI
ana,md,two,t2_4,HALI,PLOB,PLOB,PLOB,PLOB,TURF,PLOB,PLOB,PLOB,PLOB,PLOB,PLOB,PLOB,PLOB,PLOB,PLOB,UNK,PLOB,WAND,PLOB,PLOB,PLOB,PLOB,PLOB,PLOB,PLOB,PLOB,PLOB,PLOB,PLOB,PLOB,PLOB,PLOB,PLOB,PLOB,PLOB,HALI,HALI,PLOB,PLOB,HALI,HALI,HALI,HALI,HALI,TURF,HALI,PLOB,PLOB,PLOB,PLOB,PLOB,HALI,HALI,PLOB,HALI,EAM,PLOB,HALI,PLOB,PLOB,PLOB,HALI,HALI,HALI,TAPE,TURF,PLOB,PLOB,PLOB,PLOB,PLOB,TAPE,HALI,PLOB,HALI,TURF,TURF,SHAD,SHAD,PLOB,PLOB,PLOB,PLOB,EAM,SHAD,TURF,TURF,PLOB,PLOB,PLOB,TURF,MACRO_UNK,PLOB,PLOB,PLOB,PLOB,PLOB,PLOB,PLOB
ana,md,two,t2_5,HALI,HALI,PLOB,HALI,MACRO_UNK,HALI,TURF,PLOB,PLOB,PLOB,PLOB,PLOB,PLOB,PLOB,PLOB,PLOB,PLOB,PLOB,PLOB,WAND,PLOB,PLOB,SHAD,SHAD,PLOB,TURF,PLOB,PLOB,PLOB,PLOB,PLOB,PLOB,PLOB,PLOB,PLOB,WAND,PLOB,PLOB,PLOB,PLOB,PLOB,PLOB,PLOB,PLOB,PLOB,PLOB,PLOB,PLOB,PLOB,PLOB,TURF,PLOB,PLOB,PVER,PVER,SHAD,EAM,PLOB,PLOB,PLOB,PLOB,PLOB,PLOB,PLOB,PVER,SHAD,SHAD,PLOB,PLOB,PLOB,PLOB,PLOB,EAM,EAM,HALI,PLOB,PLOB,TURF,PLOB,PLOB,PLOB,PLOB,SHAD,PLOB,PLOB,PLOB,PLOB,HALI,HALI,PLOB,PLOB,PLOB,PLOB,PLOB,TAPE,PLOB,PLOB,TAPE,TURF,PLOB
ana,md,two,t2_6,CYANO,CCA,EAM,PLOB,SHAD,SHAD,PLOB,HALI,EAM,EAM,CCA,EAM,CCA,PLOB,PLOB,TURF,PLOB,TURF,EAM,CCA,EAM,EAM,EAM,PLOB,EAM,EAM,EAM,EAM,EAM,PLOB,EAM,EAM,PLOB,SFLA,EAM,EAM,EAM,EAM,EAM,EAM,PLOB,PLOB,EAM,EAM,EAM,EAM,EAM,PLOB,PLOB,PLOB,PLOB,PLOB,PLOB,EAM,PLOB,PLOB,UNK,HALI,HALI,HALI,PLOB,PLOB,PLOB,PLOB,PLOB,PLOB,PLOB,PLOB,PLOB,PLOB,PLOB,PLOB,PLOB,PLOB,TAPE,TAPE,TAPE,PLOB,PLOB,PLOB,PLOB,PLOB,PLOB,PLOB,PLOB,TURF,PLOB,UNK,PLOB,PLOB,PLOB,PLOB,PLOB,PLOB,PLOB,PLOB,PLOB,PLOB,PLOB,PLOB
ana,md,two,t2_7,TURF,SHAD,PLOB,SHAD,SHAD,SHAD,PLOB,PLOB,PLOB,PLOB,PLOB,PLOB,PLOB,PLOB,PLOB,PLOB,PLOB,PLOB,PLOB,PLOB,PLOB,PLOB,PLOB,PLOB,PLOB,PLOB,WAND,PLOB,PLOB,PLOB,SHAD,TURF,TURF,PLOB,WAND,PLOB,PLOB,PLOB,PLOB,PLOB,SHAD,SHAD,PLOB,HALI,HALI,PLOB,PLOB,PLOB,PLOB,PLOB,PLOB,PLOB,PLOB,PLOB,HALI,HALI,HALI,PLOB,PLOB,PLOB,PLOB,PLOB,PLOB,PLOB,PLOB,TAPE,PLOB,HALI,PLOB,TAPE,HALI,PLOB,PLOB,PLOB,PLOB,PLOB,HALI,PLOB,HALI,PLOB,PLOB,PLOB,PLOB,PLOB,PLOB,PLOB,PLOB,PLOB,EAM,PLOB,HALI,PLOB,MACRO_UNK,MACRO_UNK,PLOB,PLOB,PLOB,SHAD,PLOB,PLOB
ana,md,two,t2_8,PLOB,SHAD,TURF,TURF,TURF,SHAD,HALI,EAM,EAM,EAM,SHAD,SHAD,EAM,EAM,EAM,EAM,EAM,EAM,EAM,EAM,EAM,EAM,EAM,EAM,EAM,WAND,WAND,HALI,HALI,PLOB,SHAD,SHAD,PLOB,EAM,EAM,EAM,EAM,EAM,EAM,PLOB,HALI,HALI,HALI,PLOB,PLOB,SHAD,HALI,EAM,PLOB,PLOB,TURF,HALI,PLOB,HALI,PLOB,PLOB,HALI,HALI,SHAD,HALI,HALI,PLOB,PLOB,PLOB,PLOB,PLOB,HALI,HALI,PLOB,PLOB,EAM,PLOB,PLOB,HALI,PLOB,PLOB,PLOB,PLOB,PLOB,PLOB,HALI,PLOB,PLOB,PLOB,PLOB,PLOB,PLOB,PLOB,PLOB,PLOB,PLOB,PLOB,PLOB,PLOB,PLOB,PLOB,PLOB,PLOB,HALI,HALI
ana,md,two,t2_9,PLOB,PLOB,PLOB,HALI,HALI,HALI,PLOB,PLOB,PLOB,WAND,SHAD,PLOB,SHAD,SHAD,PLOB,PLOB,PLOB,PLOB,PLOB,PLOB,MACRO_UNK,PLOB,MACRO_UNK,HALI,PLOB,PLOB,PLOB,PLOB,PLOB,PLOB,PLOB,PLOB,PLOB,PLOB,WAND,WAND,PLOB,PLOB,PLOB,PLOB,PLOB,PLOB,PLOB,SHAD,SHAD,PVER,PLOB,PLOB,PLOB,SHAD,PLOB,PLOB,MACRO_UNK,PLOB,PLOB,PLOB,PLOB,PLOB,PLOB,PLOB,HALI,PLOB,PLOB,SHAD,PLOB,MACRO_UNK,PLOB,TURF,PLOB,PLOB,PLOB,PLOB,PLOB,PLOB,PLOB,PLOB,PLOB,PLOB,PLOB,MACRO_UNK,PLOB,PLOB,PLOB,PLOB,PLOB,PLOB,EAM,PLOB,PLOB,PLOB,PLOB,PLOB,TAPE,TAPE,PLOB,TAPE,PLOB,TAPE,TAPE,PLOB
ana,md,two,t2_10,PLOB,PLOB,MACRO_UNK,PLOB,PLOB,MACRO_UNK,PLOB,PLOB,SHAD,MACRO_UNK,PLOB,PLOB,PLOB,PLOB,PLOB,PLOB,PLOB,PLOB,PLOB,PLOB,SHAD,PLOB,PLOB,PLOB,SOBT,PLOB,PLOB,MACRO_UNK,SOBT,PLOB,HALI,PLOB,PLOB,SHAD,PLOB,MACRO_UNK,PLOB,SHAD,SHAD,PLOB,SHAD,PLOB,PLOB,PLOB,PLOB,MACRO_UNK,MACRO_UNK,PLOB,PLOB,SHAD,HALI,PLOB,PLOB,PLOB,PLOB,PLOB,HALI,PLOB,HALI,HALI,MACRO_UNK,HALI,PLOB,PLOB,PLOB,PLOB,PLOB,PLOB,PLOB,PLOB,PLOB,PLOB,PLOB,PLOB,PLOB,PLOB,PLOB,PLOB,PLOB,PLOB,PLOB,SHAD,PLOB,PLOB,PLOB,PLOB,PLOB,PLOB,PLOB,PLOB,PLOB,HALI,HALI,HALI,PLOB,PLOB,SHAD,SHAD,SHAD,PLOB
ana,md,two,t2_11,PLOB,MACRO_UNK,MACRO_UNK,SPR,PLOB,PLOB,PLOB,PLOB,PLOB,PLOB,PLOB,PLOB,SPR,SPR,PLOB,PLOB,PLOB,PLOB,PLOB,PLOB,PLOB,PLOB,PLOB,SPR,SPR,PLOB,PLOB,EAM,PLOB,PLOB,PLOB,PLOB,PVER,PVER,PVER,WAND,PLOB,PLOB,PLOB,PLOB,PLOB,PLOB,PLOB,PLOB,PLOB,SOBT,PLOB,PLOB,PLOB,PLOB,PLOB,PLOB,PLOB,PLOB,PLOB,PLOB,PLOB,PLOB,PLOB,PLOB,PLOB,PLOB,PLOB,MACRO_UNK,PLOB,MACRO_UNK,SHAD,PLOB,PLOB,PLOB,MACRO_UNK,MACRO_UNK,PLOB,PLOB,PLOB,PLOB,PLOB,PLOB,PLOB,PLOB,PLOB,PLOB,MACRO_UNK,PLOB,PLOB,PLOB,PLOB,PLOB,SOBT,PLOB,PLOB,PLOB,PLOB,PLOB,PLOB,PLOB,PLOB,PLOB,SOBT,SOBT
ana,md,two,t2_12,PLOB,PLOB,PLOB,PLOB,PLOB,SHAD,SHAD,PLOB,SHAD,PLOB,SHAD,SHAD,PLOB,PLOB,HALI,SHAD,SHAD,PLOB,PLOB,PLOB,PLOB,PLOB,PLOB,HALI,PLOB,MACRO_UNK,PLOB,PLOB,PLOB,PLOB,SOBT,SOBT,PLOB,HALI,PLOB,SOBT,SOBT,HALI,PLOB,PLOB,PLOB,PLOB,PLOB,PLOB,PLOB,PLOB,SOBT,PLOB,PLOB,PLOB,MACRO_UNK,MACRO_UNK,MACRO_UNK,PLOB,PLOB,PLOB,PLOB,PLOB,PLOB,PLOB,SHAD,PLOB,PLOB,MACRO_UNK,EAM,PLOB,PLOB,PLOB,HALI,HALI,PLOB,PLOB,PLOB,SPR,PLOB,PLOB,PLOB,PLOB,PLOB,PLOB,PLOB,PLOB,PLOB,PLOB,PLOB,PLOB,PLOB,PLOB,PLOB,PLOB,CCA,PLOB,PLOB,PLOB,PLOB,PLOB,PLOB,PLOB,PLOB,PLOB
ana,md,two,t2_13,PLOB,PLOB,PLOB,SHAD,SHAD,PLOB,PLOB,PLOB,PLOB,PLOB,PLOB,PLOB,PLOB,SHAD,PLOB,PLOB,PLOB,PLOB,PLOB,WAND,PLOB,PLOB,SOBT,PLOB,SOBT,PLOB,PLOB,PLOB,PLOB,WAND,SOBT,PLOB,PLOB,PLOB,PLOB,PLOB,PLOB,MACRO_UNK,PLOB,PLOB,SHAD,SHAD,SOBT,PLOB,PLOB,PVER,PLOB,PLOB,MACRO_UNK,PLOB,SFLA,SFLA,SOBT,PLOB,PLOB,EAM,PLOB,PLOB,PLOB,MACRO_UNK,PLOB,MACRO_UNK,PLOB,TURF,PLOB,PLOB,PLOB,PLOB,PLOB,SOBT,PLOB,PLOB,HALI,PLOB,PLOB,PLOB,PLOB,PLOB,PLOB,PLOB,PLOB,PLOB,PLOB,TURF,MACRO_UNK,PLOB,SOBT,PLOB,SHAD,PLOB,PLOB,PLOB,PLOB,PLOB,SOBT,PLOB,SOBT,SOBT,SOBT,PLOB
ana,md,two,t2_14,PLOB,PLOB,PLOB,PLOB,PLOB,PLOB,PLOB,PLOB,PLOB,PLOB,PLOB,PLOB,PLOB,PLOB,PLOB,PLOB,PLOB,PLOB,PLOB,PLOB,PLOB,PLOB,PLOB,PLOB,PLOB,PLOB,PLOB,PLOB,PLOB,PLOB,PLOB,PLOB,PLOB,PLOB,PLOB,PLOB,PLOB,PLOB,PLOB,PLOB,PLOB,PLOB,PLOB,PLOB,PLOB,PLOB,PLOB,PLOB,PLOB,PLOB,PLOB,PLOB,PLOB,PLOB,PLOB,PLOB,PLOB,PLOB,PLOB,PLOB,PLOB,PLOB,PLOB,PLOB,PLOB,PLOB,PLOB,PLOB,PLOB,PLOB,PLOB,PLOB,TAPE,TAPE,PLOB,PLOB,PLOB,PLOB,PLOB,PLOB,PLOB,PLOB,EAM,PLOB,PLOB,PLOB,PLOB,PLOB,PLOB,PLOB,PLOB,PLOB,PLOB,PLOB,PLOB,PLOB,PLOB,PLOB,PLOB,PLOB
ana,md,two,t2_15,PLOB,PLOB,PLOB,PLOB,PLOB,PLOB,PLOB,PLOB,PLOB,PLOB,PLOB,PLOB,PLOB,PLOB,PLOB,PLOB,PLOB,PLOB,PLOB,PLOB,PLOB,PLOB,PLOB,PLOB,PLOB,PLOB,PLOB,PLOB,PLOB,PLOB,PLOB,PLOB,PLOB,PLOB,PLOB,PLOB,PLOB,PLOB,PLOB,PLOB,PLOB,PLOB,PLOB,PLOB,PLOB,PLOB,PLOB,PLOB,PLOB,PLOB,PLOB,PLOB,PLOB,PLOB,PLOB,WAND,SHAD,PLOB,PLOB,SHAD,PLOB,PLOB,PLOB,TAPE,TAPE,TAPE,PLOB,PLOB,TAPE,TAPE,PLOB,PLOB,PLOB,PLOB,PLOB,SHAD,PLOB,PLOB,PLOB,PLOB,PLOB,PLOB,PLOB,PLOB,PLOB,PLOB,PLOB,PLOB,PLOB,PLOB,PLOB,PLOB,PLOB,PLOB,PLOB,PLOB,PLOB,HALI,PLOB,PLOB
ana,md,three,t3_1,PLOB,PLOB,PLOB,PLOB,PLOB,SHAD,SHAD,SHAD,PLOB,PLOB,PLOB,PLOB,PLOB,SHAD,PLOB,PLOB,PLOB,PLOB,PLOB,PLOB,PLOB,PLOB,PLOB,PLOB,PLOB,PLOB,PLOB,PLOB,PLOB,PLOB,PLOB,PLOB,PLOB,PLOB,PLOB,PLOB,PLOB,PLOB,PLOB,PLOB,PLOB,PLOB,SHAD,PLOB,PLOB,SHAD,SHAD,PLOB,PLOB,PLOB,PLOB,PLOB,PLOB,PLOB,PLOB,PLOB,PLOB,PLOB,PLOB,PLOB,TAPE,PLOB,PLOB,TAPE,TAPE,TAPE,PLOB,PLOB,TAPE,PLOB,PLOB,PLOB,PLOB,PLOB,PLOB,PLOB,PLOB,PLOB,PLOB,MACRO_UNK,PLOB,PLOB,PLOB,PLOB,PLOB,PLOB,PLOB,PLOB,PLOB,PLOB,PLOB,PLOB,PLOB,PLOB,PLOB,PLOB,PLOB,PLOB,PLOB,PLOB
ana,md,three,t3_2,PLOB,PLOB,PLOB,PLOB,PLOB,PLOB,MACRO_UNK,PLOB,PLOB,PLOB,PLOB,PLOB,PLOB,PLOB,PLOB,PLOB,PLOB,PLOB,PLOB,PLOB,PLOB,PLOB,PLOB,PLOB,PLOB,PLOB,PLOB,PLOB,PLOB,PLOB,PLOB,PLOB,PLOB,PLOB,PLOB,PLOB,PLOB,PLOB,PLOB,PLOB,PLOB,PLOB,PLOB,PLOB,PLOB,PLOB,PLOB,PLOB,PLOB,PLOB,PLOB,PLOB,MACRO_UNK,PLOB,PLOB,PLOB,PLOB,PLOB,SOBT,SOBT,TURF,PLOB,PLOB,PLOB,PLOB,PLOB,PLOB,PLOB,PLOB,PLOB,PLOB,PLOB,PLOB,PLOB,PLOB,PLOB,PLOB,PLOB,PLOB,PLOB,PLOB,PLOB,PLOB,PLOB,PLOB,PLOB,PLOB,PLOB,PLOB,PLOB,PLOB,PLOB,PLOB,PLOB,HALI,PLOB,PLOB,PLOB,PLOB,PLOB
ana,md,three,t3_3,PLOB,PLOB,PLOB,PLOB,PLOB,PLOB,PLOB,PLOB,PLOB,PLOB,PLOB,PLOB,PLOB,SHAD,SHAD,MACRO_UNK,PLOB,PLOB,PLOB,PLOB,HALI,PLOB,PLOB,PLOB,PLOB,PLOB,PLOB,PLOB,PLOB,PLOB,PLOB,PLOB,PLOB,PLOB,PLOB,PLOB,PLOB,PLOB,PLOB,SHAD,PLOB,PLOB,PLOB,PLOB,PLOB,PLOB,PLOB,PLOB,PLOB,PLOB,PLOB,PLOB,PLOB,PLOB,PLOB,PLOB,PLOB,PLOB,PLOB,PLOB,PLOB,PLOB,PLOB,PLOB,PLOB,PLOB,PLOB,PLOB,PLOB,PLOB,PLOB,PLOB,PLOB,PLOB,PLOB,PLOB,PLOB,PLOB,PLOB,HALI,PLOB,PLOB,PLOB,PLOB,PLOB,PLOB,PLOB,PLOB,PLOB,PLOB,PLOB,PLOB,PLOB,PLOB,PLOB,PLOB,PLOB,PLOB,PLOB,PLOB
ana,md,three,t3_4,MACRO_UNK,MACRO_UNK,MACRO_UNK,MACRO_UNK,MACRO_UNK,MACRO_UNK,PLOB,PLOB,PLOB,PLOB,MACRO_UNK,MACRO_UNK,MACRO_UNK,MACRO_UNK,PLOB,MACRO_UNK,PLOB,PLOB,PLOB,PLOB,MACRO_UNK,MACRO_UNK,MACRO_UNK,MACRO_UNK,MACRO_UNK,MACRO_UNK,MACRO_UNK,MACRO_UNK,PLOB,SHAD,PLOB,PLOB,PLOB,PLOB,PLOB,MACRO_UNK,PLOB,PLOB,PLOB,PLOB,PLOB,PLOB,PLOB,PLOB,PLOB,PLOB,PLOB,PLOB,PLOB,PLOB,PLOB,PLOB,SHAD,PLOB,PLOB,PLOB,PLOB,PLOB,PLOB,PLOB,PLOB,PLOB,PLOB,PLOB,PLOB,PLOB,PLOB,PLOB,PLOB,PLOB,PLOB,PLOB,PLOB,PLOB,PLOB,PLOB,PLOB,PLOB,PLOB,PLOB,PLOB,PLOB,PLOB,PLOB,PLOB,PLOB,PLOB,PLOB,PLOB,PLOB,PLOB,PLOB,TAPE,TAPE,PLOB,PLOB,PLOB,PLOB,PLOB,PLOB
ana,md,three,t3_5,PLOB,PLOB,PLOB,HALI,HALI,HALI,HALI,HALI,PLOB,TURF,PLOB,HALI,HALI,HALI,HALI,HALI,MACRO_UNK,TURF,TURF,TURF,PLOB,HALI,HALI,HALI,SHAD,HALI,TURF,TURF,TURF,TURF,PLOB,HALI,PLOB,PLOB,PLOB,PLOB,PLOB,EAM,HALI,HALI,PLOB,PLOB,HALI,PLOB,PLOB,PLOB,HALI,HALI,HALI,HALI,PLOB,SOBT,PLOB,PLOB,HALI,HALI,PLOB,PLOB,TURF,TURF,PLOB,PLOB,PLOB,PLOB,PLOB,HALI,PLOB,PLOB,PLOB,PLOB,PLOB,PLOB,PLOB,PLOB,PLOB,PLOB,PLOB,PLOB,PLOB,HALI,EAM,PLOB,PLOB,HALI,PLOB,PLOB,PLOB,PLOB,PLOB,PLOB,PLOB,PLOB,PLOB,PLOB,PLOB,PLOB,PLOB,PLOB,PLOB,PLOB
ana,md,three,t3_6,PLOB,PLOB,PLOB,PLOB,PLOB,PLOB,HALI,PLOB,PLOB,PLOB,PLOB,PLOB,PLOB,PLOB,PLOB,HALI,PLOB,PLOB,PLOB,PLOB,SHAD,HALI,PLOB,PLOB,HALI,HALI,HALI,PLOB,HALI,HALI,PLOB,HALI,PLOB,PLOB,HALI,HALI,PLOB,PLOB,HALI,PLOB,SHAD,PLOB,HALI,HALI,PLOB,PLOB,PLOB,PLOB,PLOB,PLOB,PLOB,PLOB,HALI,HALI,PLOB,PLOB,PLOB,PLOB,PLOB,PLOB,HALI,HALI,PLOB,HALI,PLOB,PLOB,PLOB,PLOB,PLOB,PLOB,PLOB,PLOB,PLOB,PLOB,PLOB,PLOB,PLOB,PLOB,PLOB,PLOB,PLOB,PLOB,PLOB,PLOB,PLOB,PLOB,PLOB,MACRO_UNK,MACRO_UNK,PLOB,PLOB,PLOB,PLOB,PLOB,MACRO_UNK,MACRO_UNK,MACRO_UNK,MACRO_UNK,PLOB,PLOB
ana,md,three,t3_7,PLOB,PLOB,PLOB,PLOB,MACRO_UNK,PLOB,PLOB,PLOB,PLOB,PLOB,PLOB,PLOB,PLOB,PLOB,PLOB,PLOB,PLOB,PLOB,PLOB,PLOB,PLOB,PLOB,MACRO_UNK,PLOB,PLOB,PLOB,HALI,SHAD,PLOB,PLOB,PLOB,PLOB,PLOB,PLOB,HALI,HALI,HALI,HALI,HALI,PLOB,PLOB,SHAD,PLOB,PLOB,PLOB,HALI,MACRO_UNK,PLOB,HALI,PLOB,PLOB,SHAD,PLOB,PLOB,PLOB,PLOB,PLOB,PLOB,PLOB,PLOB,PLOB,PLOB,MACRO_UNK,PLOB,PLOB,HALI,PLOB,PLOB,HALI,PLOB,PLOB,PLOB,PLOB,HALI,PLOB,PLOB,PLOB,PLOB,PLOB,PLOB,HALI,PLOB,PLOB,PLOB,PLOB,PLOB,PLOB,SHAD,PLOB,PLOB,PLOB,PLOB,PLOB,PLOB,PLOB,PLOB,PLOB,PLOB,PLOB,PLOB
ana,md,three,t3_8,SHAD,PLOB,PLOB,PLOB,PLOB,PLOB,PLOB,MACRO_UNK,MACRO_UNK,SHAD,PLOB,PLOB,MACRO_UNK,PLOB,PLOB,PLOB,MACRO_UNK,TURF,TURF,SHAD,SHAD,PLOB,PLOB,MACRO_UNK,PLOB,PLOB,PLOB,PLOB,PLOB,PLOB,MACRO_UNK,MACRO_UNK,PLOB,PLOB,PLOB,PLOB,PLOB,PLOB,PLOB,PLOB,TURF,PLOB,PLOB,PLOB,PLOB,PLOB,PLOB,PLOB,PLOB,PLOB,PLOB,PLOB,PLOB,PLOB,PLOB,PLOB,PLOB,PLOB,PLOB,PLOB,PLOB,PLOB,PLOB,PLOB,PLOB,PLOB,PLOB,PLOB,PLOB,PLOB,PLOB,PLOB,PLOB,PLOB,PLOB,PLOB,PLOB,HALI,PLOB,PLOB,SHAD,PLOB,PLOB,PLOB,PLOB,PLOB,PLOB,PLOB,PLOB,HALI,PLOB,PLOB,PLOB,PLOB,PLOB,PLOB,PLOB,PLOB,HALI,HALI
ana,md,three,t3_9,PLOB,PLOB,PLOB,HALI,PLOB,HALI,PLOB,PLOB,PLOB,EAM,PLOB,PLOB,PLOB,HALI,SHAD,HALI,HALI,PLOB,EAM,EAM,PLOB,PLOB,PLOB,HALI,PLOB,PLOB,PLOB,HALI,EAM,EAM,PLOB,PLOB,PLOB,HALI,HALI,PLOB,HALI,PLOB,PLOB,PLOB,PLOB,PLOB,PLOB,PLOB,HALI,HALI,PLOB,PLOB,PLOB,PLOB,PLOB,PLOB,SHAD,SHAD,PLOB,PLOB,PLOB,PLOB,HALI,PLOB,PLOB,PLOB,PLOB,PLOB,PLOB,PLOB,PLOB,PLOB,PLOB,PLOB,HALI,PLOB,PLOB,PLOB,PLOB,PLOB,PLOB,PLOB,PLOB,PLOB,PLOB,PLOB,PLOB,PLOB,PLOB,HALI,PLOB,PLOB,PLOB,PLOB,PLOB,PLOB,PLOB,PLOB,PLOB,PLOB,PLOB,PLOB,PLOB,PLOB
ana,md,three,t3_10,PLOB,PLOB,PLOB,PLOB,PLOB,PLOB,SHAD,PLOB,PLOB,PLOB,PLOB,HALI,PLOB,PLOB,PLOB,PLOB,PLOB,MACRO_UNK,EAM,HALI,PLOB,PLOB,PLOB,PLOB,PLOB,PLOB,PLOB,PLOB,PLOB,SHAD,PLOB,HALI,HALI,PLOB,PLOB,PLOB,PLOB,PLOB,HALI,PLOB,PLOB,PLOB,SHAD,PLOB,PLOB,HALI,PLOB,PLOB,PLOB,HALI,PLOB,PLOB,SHAD,HALI,PLOB,PLOB,PLOB,PLOB,PLOB,PLOB,PLOB,MACRO_UNK,PLOB,PLOB,PLOB,PLOB,PLOB,PLOB,PLOB,PLOB,PLOB,PLOB,PLOB,PLOB,PLOB,PLOB,PLOB,PLOB,PLOB,PLOB,PLOB,PLOB,PLOB,PLOB,PLOB,PLOB,PLOB,PLOB,PLOB,PLOB,PLOB,PLOB,PLOB,PLOB,PLOB,PLOB,PLOB,PLOB,PLOB,HALI
ana,md,three,t3_11,PLOB,PLOB,SHAD,PLOB,PLOB,PLOB,PLOB,PLOB,PLOB,SHAD,SHAD,PLOB,MACRO_UNK,PLOB,PLOB,PLOB,PLOB,PLOB,LVAR,PLOB,PLOB,HALI,PLOB,SHAD,PLOB,PLOB,PLOB,PLOB,HALI,PLOB,PLOB,PLOB,EAM,PLOB,PLOB,PLOB,PLOB,PLOB,HALI,HALI,PLOB,PLOB,HALI,PLOB,PLOB,PLOB,HALI,WAND,PLOB,PLOB,PLOB,SHAD,PLOB,PLOB,HALI,SOBT,PLOB,PLOB,HALI,PLOB,PLOB,PLOB,PLOB,PLOB,PLOB,PLOB,PLOB,PLOB,PLOB,PLOB,PLOB,PLOB,PLOB,PLOB,PLOB,PLOB,PLOB,PLOB,PLOB,PLOB,PLOB,PLOB,PLOB,PLOB,PLOB,PLOB,PLOB,PLOB,PLOB,PLOB,PLOB,PLOB,HALI,PLOB,PLOB,PLOB,PLOB,PLOB,SOBT,SOBT
ana,md,three,t3_12,MACRO_UNK,MACRO_UNK,MACRO_UNK,MACRO_UNK,MACRO_UNK,MACRO_UNK,PLOB,PLOB,PLOB,PLOB,HALI,TURF,TURF,TURF,TURF,PLOB,PLOB,PLOB,PLOB,PLOB,SHAD,TURF,TURF,PLOB,PLOB,PLOB,PLOB,PLOB,PLOB,TURF,TURF,TURF,TURF,HALI,HALI,HALI,PLOB,WAND,PLOB,PLOB,PLOB,HALI,PLOB,PLOB,PLOB,PLOB,PLOB,PLOB,PLOB,PLOB,PLOB,PLOB,PLOB,HALI,PLOB,PLOB,PLOB,HALI,PLOB,PLOB,PLOB,PLOB,PLOB,PLOB,SOBT,PLOB,PLOB,PLOB,SHAD,PLOB,SHAD,TAPE,MACRO_UNK,PLOB,HALI,PLOB,TAPE,PLOB,PLOB,PLOB,PLOB,PLOB,PLOB,PLOB,PLOB,PLOB,PLOB,PLOB,PLOB,PLOB,UNK,PLOB,PLOB,HALI,MACRO_UNK,PLOB,PLOB,MACRO_UNK,MACRO_UNK,PLOB
ana,md,three,t3_13,PLOB,PLOB,PLOB,PLOB,PLOB,PLOB,HALI,HALI,HALI,HALI,PLOB,PLOB,PLOB,PLOB,PLOB,HALI,HALI,TURF,TURF,PLOB,PLOB,PLOB,PLOB,PLOB,PLOB,PLOB,PLOB,TURF,PLOB,PLOB,HALI,PLOB,PLOB,MACRO_UNK,PLOB,PLOB,SHAD,HALI,WAND,PLOB,PLOB,PLOB,PLOB,PLOB,HALI,HALI,PLOB,PLOB,PLOB,HALI,PLOB,PLOB,PLOB,PLOB,PLOB,PLOB,PLOB,PLOB,PLOB,SOBT,PLOB,PLOB,PLOB,PLOB,PLOB,PLOB,PLOB,PLOB,PLOB,PLOB,SHAD,PLOB,SHAD,PLOB,PLOB,PLOB,PLOB,PLOB,PLOB,MACRO_UNK,TAPE,HALI,PLOB,PLOB,PLOB,PLOB,PLOB,PLOB,PLOB,PLOB,PLOB,PLOB,PLOB,PLOB,TAPE,PLOB,PLOB,PLOB,TAPE,HALI
ana,md,three,t3_14,PLOB,PLOB,PLOB,PLOB,PLOB,PLOB,PLOB,PLOB,PLOB,PLOB,HALI,PLOB,PLOB,PLOB,PLOB,PLOB,PLOB,PLOB,PLOB,PLOB,PLOB,PLOB,HALI,PLOB,PLOB,PLOB,PLOB,PLOB,WAND,PLOB,PLOB,PLOB,PLOB,HALI,SHAD,SHAD,PLOB,PLOB,WAND,PLOB,PLOB,PLOB,HALI,PLOB,PLOB,HALI,PLOB,PLOB,PLOB,PLOB,PLOB,PLOB,PLOB,PLOB,PLOB,PLOB,PLOB,PLOB,PLOB,PLOB,PLOB,PLOB,PLOB,PLOB,PLOB,PLOB,PLOB,PLOB,PLOB,PLOB,PLOB,PLOB,PLOB,PLOB,PLOB,PLOB,PLOB,PLOB,PLOB,PLOB,PLOB,PLOB,PLOB,PLOB,PLOB,PLOB,PLOB,PLOB,PLOB,PLOB,PLOB,TAPE,TAPE,PLOB,PLOB,SHAD,PLOB,PLOB,PLOB,PLOB
ana,md,three,t3_15,PLOB,PLOB,PLOB,HALI,PLOB,SHAD,PLOB,PLOB,PLOB,SHAD,PLOB,PLOB,PLOB,PLOB,PLOB,SHAD,PLOB,PLOB,PLOB,PLOB,PLOB,PLOB,PLOB,PLOB,PLOB,SHAD,PLOB,HALI,PLOB,PLOB,PLOB,PLOB,PLOB,PLOB,PLOB,PLOB,WAND,SOBT,HALI,HALI,PLOB,PLOB,PLOB,PLOB,HALI,HALI,PLOB,HALI,HALI,HALI,HALI,HALI,PLOB,PLOB,PLOB,PLOB,PLOB,PLOB,PLOB,SHAD,PLOB,TAPE,PLOB,PLOB,PLOB,PLOB,PLOB,PLOB,PLOB,PLOB,PLOB,PLOB,PLOB,PLOB,PLOB,PLOB,PLOB,PLOB,PLOB,PLOB,PLOB,PLOB,PLOB,EAM,PLOB,PLOB,PLOB,PLOB,PLOB,PLOB,PLOB,PLOB,PLOB,PLOB,PLOB,PLOB,PLOB,PLOB,PLOB,PLOB
ana,md,four,t4_1,PLOB,MACRO_UNK,MACRO_UNK,MACRO_UNK,MACRO_UNK,MACRO_UNK,CYANO,CYANO,PLOB,PLOB,PLOB,PLOB,MACRO_UNK,CYANO,TURF,CYANO,PLOB,PLOB,PLOB,PLOB,PLOB,PLOB,SHAD,PLOB,CYANO,SHAD,CYANO,HALI,PLOB,PLOB,PLOB,PLOB,PLOB,PLOB,HALI,MACRO_UNK,HALI,WAND,CYANO,HALI,PLOB,PLOB,PLOB,PLOB,PLOB,SHAD,HALI,CYANO,CYANO,EAM,PLOB,PLOB,PLOB,PLOB,PLOB,PLOB,PLOB,EAM,HALI,HALI,PLOB,PLOB,PLOB,PLOB,PLOB,PLOB,PLOB,PLOB,SHAD,PLOB,MACRO_UNK,PLOB,PLOB,PLOB,PLOB,SOBT,PLOB,SHAD,PLOB,PLOB,PLOB,PLOB,TAPE,PLOB,TAPE,PLOB,PLOB,PLOB,PLOB,PLOB,PLOB,PLOB,HALI,PLOB,HALI,PLOB,PLOB,PLOB,PLOB,PLOB
ana,md,four,t4_2,PLOB,PLOB,PLOB,PLOB,PLOB,PLOB,SHAD,SHAD,PLOB,PLOB,SOBT,PLOB,PLOB,PLOB,PLOB,PLOB,HALI,PLOB,PLOB,PLOB,PVER,PVER,PLOB,HALI,PLOB,PLOB,PLOB,PLOB,PLOB,PLOB,PLOB,UNK,PLOB,PLOB,PLOB,EAM,PLOB,PLOB,SHAD,PLOB,PLOB,PLOB,PLOB,TURF,TURF,PLOB,PLOB,PLOB,PLOB,PLOB,PLOB,PLOB,PLOB,TURF,PLOB,PLOB,PLOB,PLOB,SHAD,PLOB,PLOB,PLOB,PLOB,PLOB,PLOB,PLOB,PLOB,PLOB,PLOB,PLOB,PLOB,PLOB,PLOB,PLOB,PLOB,PLOB,PLOB,PLOB,PLOB,PLOB,HALI,HALI,PVER,PDAN,PLOB,TURF,PLOB,PLOB,PLOB,HALI,PLOB,PLOB,PLOB,HALI,PLOB,PLOB,TURF,PLOB,MACRO_UNK,PLOB
ana,md,four,t4_3,PLOB,PLOB,SHAD,LPUR,PLOB,SHAD,SHAD,SHAD,PLOB,PLOB,PLOB,PLOB,PLOB,PLOB,PLOB,PLOB,SHAD,TURF,PLOB,WAND,PLOB,PLOB,SHAD,PLOB,PLOB,PLOB,PLOB,PLOB,PLOB,SHAD,SHAD,SHAD,SHAD,EAM,PLOB,PLOB,WAND,PLOB,PLOB,PLOB,PLOB,SHAD,PLOB,PLOB,PLOB,PLOB,PLOB,SHAD,PLOB,PLOB,SHAD,PLOB,PLOB,PLOB,PLOB,PLOB,PLOB,PLOB,PLOB,PLOB,PLOB,SHAD,PLOB,SOBT,SOBT,PLOB,PLOB,PLOB,PLOB,PLOB,HALI,HALI,PLOB,PLOB,PLOB,PLOB,PLOB,SOBT,PLOB,MACRO_UNK,PLOB,HALI,HALI,PLOB,PLOB,SOBT,PLOB,PLOB,PLOB,PLOB,PLOB,PLOB,HALI,HALI,PVER,PVER,PLOB,PLOB,PLOB,PLOB
ana,md,four,t4_4,PLOB,PLOB,PLOB,PLOB,PLOB,MACRO_UNK,PLOB,UNK,PLOB,PLOB,PLOB,PLOB,PLOB,PLOB,PLOB,HALI,PLOB,PLOB,WAND,PLOB,SHAD,PLOB,SHAD,MACRO_UNK,PLOB,PLOB,HALI,PLOB,PLOB,PLOB,PLOB,SOBT,PLOB,PLOB,HALI,PLOB,PLOB,PLOB,PLOB,PLOB,SHAD,PLOB,PLOB,PLOB,HALI,WAND,PLOB,SHAD,SHAD,PLOB,SHAD,HALI,PLOB,PLOB,PLOB,PLOB,PLOB,PLOB,PLOB,PLOB,HALI,PLOB,PLOB,PLOB,PLOB,PLOB,PLOB,PLOB,PLOB,PLOB,SHAD,MACRO_UNK,PLOB,PLOB,PLOB,PLOB,PLOB,TURF,PLOB,PLOB,PLOB,PLOB,PLOB,PLOB,PLOB,PLOB,HALI,PLOB,PLOB,PLOB,PLOB,PLOB,PLOB,PLOB,PLOB,PLOB,PLOB,PLOB,PLOB,PLOB
ana,md,four,t4_5,PLOB,PLOB,PLOB,HALI,PLOB,PLOB,PLOB,PLOB,PLOB,PLOB,PLOB,PLOB,PLOB,PLOB,PLOB,PLOB,PLOB,PLOB,PLOB,PLOB,PLOB,PLOB,PLOB,PLOB,PLOB,PLOB,PLOB,PLOB,PLOB,PLOB,PLOB,PLOB,PLOB,PLOB,PLOB,PLOB,SOBT,PLOB,PLOB,PLOB,PLOB,PLOB,PLOB,PLOB,PVER,PLOB,PLOB,PLOB,PLOB,PLOB,PLOB,HALI,PLOB,PLOB,PLOB,PLOB,HALI,PLOB,PLOB,PLOB,PLOB,PLOB,PLOB,PLOB,PLOB,PLOB,HALI,PLOB,PLOB,PLOB,PLOB,HALI,PLOB,PLOB,PLOB,TAPE,TAPE,TAPE,TAPE,CYANO,PLOB,PLOB,PLOB,PLOB,PLOB,PLOB,PLOB,PLOB,PLOB,PLOB,PLOB,PLOB,PLOB,HALI,PLOB,PLOB,PLOB,PLOB,PLOB,PLOB
ana,md,four,t4_6,PLOB,PLOB,PLOB,PLOB,PLOB,PLOB,PLOB,PLOB,PLOB,MACRO_UNK,PLOB,PLOB,PLOB,PLOB,PLOB,PLOB,PLOB,PLOB,PLOB,PLOB,PLOB,PLOB,PLOB,PLOB,PLOB,PLOB,PLOB,PLOB,PLOB,PLOB,PLOB,PLOB,PLOB,PLOB,PLOB,PLOB,PLOB,PLOB,PLOB,PLOB,MACRO_UNK,PLOB,PLOB,PLOB,PLOB,PLOB,PLOB,PLOB,PLOB,SOBT,PLOB,PLOB,EAM,MACRO_UNK,PLOB,PLOB,PLOB,EAM,PLOB,PLOB,SHAD,PLOB,SOBT,UNK,PLOB,PLOB,PLOB,PLOB,PLOB,PLOB,PLOB,HALI,PLOB,PLOB,SOBT,SOBT,PLOB,PLOB,PLOB,PLOB,PLOB,HALI,SHAD,SOBT,LVAR,PLOB,PLOB,PLOB,PLOB,LVAR,PLOB,SHAD,SHAD,PLOB,HALI,PLOB,PLOB,PLOB,PLOB,MACRO_UNK
ana,md,four,t4_7,PLOB,PLOB,PLOB,PLOB,PLOB,PLOB,PLOB,PLOB,PLOB,PLOB,PLOB,PLOB,PLOB,PLOB,PLOB,PLOB,MACRO_UNK,PLOB,PLOB,PLOB,PLOB,PLOB,PLOB,HALI,PLOB,PLOB,PLOB,PLOB,PLOB,PLOB,PLOB,PLOB,PLOB,MACRO_UNK,PLOB,PLOB,PLOB,PLOB,PLOB,PLOB,PLOB,SOBT,SOBT,PLOB,PLOB,PLOB,SOBT,PLOB,PLOB,PLOB,SOBT,PLOB,EAM,HALI,HALI,PLOB,PLOB,HALI,PLOB,PLOB,PLOB,EAM,PLOB,PLOB,HALI,HALI,PLOB,PLOB,EAM,PLOB,TAPE,PLOB,PLOB,PLOB,PLOB,TAPE,PLOB,PLOB,TAPE,EAM,PLOB,PLOB,SOBT,PLOB,PLOB,PLOB,PLOB,PLOB,PLOB,PLOB,PLOB,PLOB,PLOB,PLOB,PLOB,PLOB,PLOB,PLOB,PLOB,PLOB
ana,md,four,t4_8,SHAD,SHAD,UNK,HALI,PLOB,PLOB,PLOB,PLOB,PLOB,PLOB,SHAD,SHAD,SHAD,PLOB,PLOB,PLOB,PLOB,PLOB,PLOB,HALI,PLOB,SOBT,PLOB,PLOB,PLOB,PLOB,PLOB,PLOB,PLOB,PLOB,PLOB,SOBT,CYANO,PLOB,SOBT,PLOB,PLOB,PLOB,PLOB,PLOB,PLOB,SOBT,PLOB,PLOB,PLOB,PLOB,PLOB,PLOB,PLOB,PLOB,SHAD,PLOB,PLOB,PLOB,PLOB,PLOB,PLOB,PLOB,PLOB,PLOB,PLOB,PLOB,PLOB,PLOB,HALI,PLOB,PLOB,PLOB,PLOB,PLOB,PLOB,PLOB,PLOB,HALI,PLOB,TAPE,HALI,TAPE,HALI,PLOB,PLOB,PLOB,PLOB,LVAR,HALI,PLOB,HALI,PLOB,HALI,PLOB,PLOB,PLOB,PLOB,PLOB,PLOB,PLOB,PLOB,PLOB,PLOB,PLOB
ana,md,four,t4_9,SHAD,PLOB,SHAD,PLOB,PLOB,PLOB,PLOB,PLOB,PLOB,PLOB,PLOB,PLOB,PLOB,SOBT,PLOB,PLOB,PLOB,PLOB,PLOB,PLOB,HALI,PLOB,HALI,PLOB,PLOB,PLOB,PLOB,PLOB,PLOB,PLOB,PLOB,HALI,HALI,LVAR,HALI,PLOB,PLOB,PLOB,PLOB,PLOB,PLOB,HALI,HALI,PLOB,PLOB,PLOB,PLOB,PLOB,PLOB,PLOB,PLOB,HALI,PLOB,PLOB,HALI,LVAR,PLOB,PLOB,HALI,PLOB,PLOB,PLOB,HALI,HALI,PLOB,PLOB,PLOB,PLOB,PLOB,PLOB,PLOB,PLOB,PLOB,PLOB,HALI,PLOB,PLOB,PLOB,PLOB,PLOB,PLOB,PLOB,PLOB,PLOB,PLOB,PLOB,PLOB,PLOB,PLOB,PLOB,PLOB,PLOB,PLOB,PLOB,HALI,PLOB,PLOB,PLOB,PLOB,PLOB
ana,md,four,t4_10,PLOB,HALI,HALI,PLOB,HALI,SHAD,PLOB,SHAD,SHAD,PLOB,PLOB,PLOB,PLOB,PLOB,PLOB,PLOB,PLOB,PLOB,PLOB,PLOB,PLOB,HALI,PLOB,PLOB,PLOB,PLOB,PLOB,PLOB,PLOB,PLOB,PLOB,PLOB,PLOB,PLOB,PLOB,PLOB,WAND,PLOB,PLOB,HALI,HALI,PLOB,PLOB,SHAD,PLOB,PLOB,PLOB,PLOB,HALI,PLOB,PLOB,SHAD,PLOB,PLOB,PLOB,PLOB,HALI,PLOB,PLOB,PLOB,HALI,PLOB,TAPE,SHAD,PLOB,PLOB,PLOB,PLOB,HALI,PLOB,PLOB,PLOB,SHAD,PLOB,PLOB,PLOB,HALI,PLOB,PLOB,PLOB,PLOB,PLOB,PLOB,PLOB,HALI,CYANO,PLOB,PLOB,PLOB,PLOB,PLOB,PLOB,EAM,PLOB,HALI,HALI,PLOB,PLOB,PLOB,PLOB
ana,md,four,t4_11,PLOB,PLOB,PLOB,PLOB,HALI,HALI,PLOB,PLOB,HALI,PLOB,PLOB,PLOB,PLOB,PLOB,PLOB,PLOB,PLOB,PLOB,HALI,HALI,HALI,PLOB,PLOB,PLOB,PLOB,HALI,PLOB,PLOB,PLOB,PLOB,PLOB,PLOB,PLOB,PLOB,HALI,PLOB,PLOB,PLOB,PLOB,PLOB,PLOB,PLOB,PLOB,HALI,SOBT,PLOB,PLOB,PLOB,PLOB,PLOB,HALI,PLOB,PLOB,PLOB,PLOB,PLOB,PLOB,PLOB,PLOB,PLOB,HALI,PLOB,PLOB,PLOB,TAPE,LVAR,PLOB,PLOB,PLOB,TAPE,PLOB,PLOB,HALI,PLOB,PLOB,HALI,PLOB,PLOB,PLOB,PLOB,PLOB,PLOB,PLOB,PLOB,PLOB,PLOB,PLOB,PLOB,PLOB,PLOB,PLOB,PLOB,PLOB,PLOB,HALI,PLOB,PLOB,PLOB,PLOB,PLOB
ana,md,four,t4_12,EAM,TURF,PLOB,EAM,EAM,TURF,EAM,EAM,EAM,EAM,EAM,EAM,EAM,EAM,EAM,EAM,TURF,TURF,EAM,EAM,EAM,TURF,TURF,EAM,EAM,LVAR,HALI,PLOB,EAM,PLOB,PLOB,TURF,PLOB,EAM,EAM,TURF,TURF,EAM,EAM,PVER,PLOB,PLOB,PLOB,PLOB,PLOB,PLOB,WAND,PLOB,PLOB,PLOB,PLOB,PLOB,PLOB,PLOB,PLOB,PLOB,PLOB,PLOB,PLOB,PLOB,HALI,PLOB,PLOB,PLOB,PLOB,TAPE,PLOB,PLOB,PLOB,PLOB,PLOB,PLOB,PLOB,TAPE,PLOB,PLOB,PLOB,PLOB,PLOB,PLOB,PLOB,PLOB,PLOB,PLOB,PLOB,PLOB,HALI,PLOB,PLOB,TURF,PLOB,PLOB,PLOB,PLOB,PLOB,HALI,PLOB,PLOB,PLOB,PVER
ana,md,four,t4_13,PLOB,PLOB,PLOB,PLOB,PLOB,PLOB,PLOB,PLOB,PLOB,HALI,PLOB,PLOB,PLOB,PLOB,PLOB,PLOB,PLOB,PLOB,SHAD,HALI,PLOB,PLOB,EAM,PLOB,PLOB,PLOB,PLOB,PLOB,WAND,WAND,PLOB,PLOB,PVER,HALI,PLOB,PLOB,PLOB,PLOB,PLOB,PLOB,PLOB,PLOB,TURF,TURF,HALI,PLOB,PLOB,PLOB,PLOB,PLOB,PLOB,PLOB,EAM,EAM,PLOB,EAM,PLOB,EAM,PLOB,PLOB,PLOB,EAM,EAM,EAM,HALI,PLOB,PLOB,EAM,PLOB,PLOB,MACRO_UNK,HALI,PLOB,PLOB,HALI,PLOB,TAPE,HALI,PLOB,PLOB,PLOB,PLOB,PLOB,PLOB,HALI,SOBT,PLOB,PLOB,PLOB,PLOB,UNK,HALI,PLOB,PLOB,PLOB,PLOB,MACRO_UNK,PLOB,PLOB,PLOB
ana,md,four,t4_14,PLOB,PLOB,PLOB,PLOB,PLOB,PLOB,PLOB,PLOB,SHAD,PLOB,PLOB,PLOB,PLOB,PLOB,PLOB,PLOB,PLOB,MACRO_UNK,PLOB,PLOB,PLOB,SHAD,SHAD,PLOB,PLOB,PLOB,PLOB,HALI,PLOB,PLOB,SOBT,HALI,PLOB,PLOB,HALI,PLOB,PLOB,PLOB,PLOB,PLOB,SHAD,HALI,PLOB,PLOB,PLOB,MACRO_UNK,PLOB,PLOB,PLOB,PLOB,PLOB,PLOB,MACRO_UNK,PLOB,PLOB,EAM,PLOB,PLOB,EAM,SHAD,PLOB,PLOB,HALI,PLOB,PVER,PLOB,CCA,TURF,EAM,EAM,HALI,HALI,PLOB,PLOB,PLOB,HALI,EAM,TURF,TURF,PLOB,PLOB,HALI,HALI,PLOB,HALI,PLOB,PLOB,HALI,PLOB,PLOB,HALI,PLOB,HALI,HALI,PLOB,PLOB,PLOB,PLOB,PLOB,PLOB
ana,md,four,t4_15,PLOB,PLOB,PLOB,PLOB,PLOB,PLOB,HALI,PLOB,PLOB,PLOB,PLOB,PLOB,PLOB,PLOB,PLOB,PLOB,MACRO_UNK,PLOB,PLOB,WAND,PLOB,SHAD,SHAD,PLOB,PLOB,PLOB,PLOB,HALI,PLOB,PLOB,PLOB,PLOB,PLOB,PLOB,PLOB,PLOB,PLOB,HALI,PLOB,PLOB,PLOB,PLOB,PLOB,PLOB,PLOB,PLOB,PLOB,PLOB,MACRO_UNK,PLOB,PLOB,PLOB,PLOB,PLOB,HALI,PLOB,PLOB,PLOB,PLOB,PLOB,PLOB,PLOB,PLOB,PLOB,HALI,PLOB,PLOB,PLOB,PLOB,PLOB,PLOB,PLOB,PLOB,PLOB,TAPE,PLOB,PLOB,PLOB,PLOB,PLOB,PLOB,HALI,PLOB,PLOB,PLOB,PLOB,PLOB,PLOB,PLOB,HALI,PLOB,PLOB,PLOB,PLOB,PLOB,PLOB,PLOB,PLOB,PLOB,PLOB
