location,depth,transect,photo,pt1,pt2,pt3,pt4,pt5,pt6,pt7,pt8,pt9,pt10,pt11,pt12,pt13,pt14,pt15,pt16,pt17,pt18,pt19,pt20,pt21,pt22,pt23,pt24,pt25,pt26,pt27,pt28,pt29,pt30,pt31,pt32,pt33,pt34,pt35,pt36,pt37,pt38,pt39,pt40,pt41,pt42,pt43,pt44,pt45,pt46,pt47,pt48,pt49,pt50,pt51,pt52,pt53,pt54,pt55,pt56,pt57,pt58,pt59,pt60,pt61,pt62,pt63,pt64,pt65,pt66,pt67,pt68,pt69,pt70,pt71,pt72,pt73,pt74,pt75,pt76,pt77,pt78,pt79,pt80,pt81,pt82,pt83,pt84,pt85,pt86,pt87,pt88,pt89,pt90,pt91,pt92,pt93,pt94,pt95,pt96,pt97,pt98,pt99,pt100
ana,sh,one,t1_1,PLOB,PLOB,PLOB,PLOB,PLOB,PLOB,PLOB,PLOB,PLOB,PLOB,PLOB,PLOB,PLOB,PLOB,PLOB,PLOB,PLOB,PLOB,PLOB,PLOB,PLOB,PLOB,PLOB,PLOB,PLOB,PLOB,PLOB,PLOB,PLOB,PLOB,PLOB,PLOB,PLOB,PLOB,PLOB,MACRO_UNK,PLOB,PLOB,SHAD,PLOB,PLOB,PLOB,PLOB,PLOB,SHAD,PLOB,SHAD,SHAD,SHAD,PLOB,PLOB,PLOB,PLOB,PLOB,SHAD,SHAD,SHAD,TURF,PLOB,PLOB,PLOB,MACRO_UNK,PLOB,PLOB,PLOB,PLOB,PLOB,PLOB,PLOB,PLOB,PLOB,SHAD,PLOB,SHAD,PLOB,PLOB,PLOB,PLOB,PLOB,PLOB,PLOB,SHAD,SHAD,PLOB,PLOB,PLOB,PLOB,PLOB,PLOB,PLOB,PLOB,PLOB,PLOB,PLOB,PLOB,PLOB,PLOB,PLOB,PLOB,PLOB
ana,sh,one,t1_2,PLOB,PLOB,PLOB,SHAD,SHAD,PLOB,PLOB,PLOB,PLOB,PLOB,SHAD,HALI,PLOB,HALI,PLOB,PLOB,PLOB,PLOB,PLOB,PLOB,PLOB,PLOB,HALI,PLOB,HALI,PLOB,PLOB,SHAD,PLOB,PLOB,HALI,HALI,PLOB,PLOB,PLOB,HALI,PLOB,PLOB,SHAD,PLOB,PLOB,PLOB,PLOB,PLOB,PLOB,PLOB,PLOB,PLOB,PLOB,PLOB,PLOB,PLOB,PLOB,PLOB,PLOB,PLOB,PLOB,PLOB,PLOB,PLOB,PLOB,PLOB,PLOB,PLOB,PLOB,PLOB,PLOB,PLOB,PLOB,PLOB,HALI,SHAD,PLOB,PLOB,PLOB,PLOB,PLOB,PLOB,PLOB,PLOB,SHAD,SHAD,PLOB,PLOB,PLOB,PLOB,PLOB,PLOB,EAM,PLOB,PLOB,PLOB,PLOB,PLOB,PLOB,PLOB,PLOB,PLOB,EAM,UNK
ana,sh,one,t1_3,PLOB,PLOB,PLOB,PLOB,PLOB,PLOB,PLOB,PLOB,PLOB,PLOB,PLOB,PLOB,PLOB,PLOB,PLOB,PLOB,PLOB,PLOB,PLOB,PLOB,PLOB,PLOB,PLOB,PLOB,PLOB,PLOB,PLOB,PLOB,PLOB,PLOB,PLOB,PLOB,PLOB,PLOB,PLOB,PLOB,PLOB,HALI,HALI,PLOB,PLOB,PLOB,PLOB,PLOB,HALI,PLOB,WAND,PLOB,PLOB,PLOB,PLOB,HALI,HALI,PLOB,HALI,PLOB,PLOB,PLOB,PLOB,PLOB,HALI,EAM,PLOB,PLOB,PLOB,PLOB,PLOB,PLOB,HALI,PLOB,EAM,TURF,PLOB,PLOB,PLOB,PLOB,PLOB,PLOB,PLOB,HALI,TURF,WAND,TURF,PLOB,PLOB,PLOB,PLOB,PLOB,PLOB,PLOB,PLOB,PLOB,WAND,WAND,PLOB,PLOB,PLOB,PLOB,PLOB,PLOB
ana,sh,one,t1_4,PLOB,MACRO_UNK,PLOB,PLOB,PLOB,TURF,PLOB,PLOB,PLOB,PLOB,TURF,PLOB,TURF,PLOB,TURF,TURF,SHAD,PLOB,PLOB,PLOB,PLOB,PLOB,PLOB,PLOB,SHAD,PLOB,PLOB,PLOB,PLOB,PLOB,PLOB,PLOB,PLOB,PLOB,PLOB,PLOB,PLOB,PLOB,PLOB,HALI,PLOB,PLOB,PLOB,PLOB,PLOB,PLOB,PLOB,WAND,PLOB,PLOB,PLOB,PLOB,PLOB,PLOB,PLOB,PLOB,PLOB,PLOB,PLOB,PLOB,TURF,PLOB,PLOB,PLOB,PLOB,PLOB,PLOB,PLOB,PLOB,PLOB,PLOB,PLOB,PLOB,PLOB,SPR,SPR,PLOB,PLOB,PLOB,PLOB,PLOB,PLOB,PLOB,DCRE,TURF,PLOB,PLOB,PLOB,PLOB,PLOB,PLOB,PLOB,DCRE,PLOB,PLOB,PLOB,PLOB,PLOB,PLOB,PLOB
ana,sh,one,t1_5,PLOB,PLOB,PLOB,PLOB,PLOB,MACRO_UNK,PLOB,PLOB,PLOB,PLOB,PLOB,HALI,PLOB,PLOB,PLOB,PLOB,PLOB,PLOB,PLOB,PLOB,PLOB,PLOB,PLOB,PLOB,PLOB,HALI,PLOB,PLOB,PLOB,PLOB,PLOB,PLOB,PLOB,PLOB,PLOB,PLOB,PLOB,PLOB,PLOB,PLOB,PLOB,PLOB,PLOB,PLOB,PLOB,PLOB,PLOB,PLOB,PLOB,PLOB,PLOB,PLOB,PLOB,PLOB,EAM,PLOB,PLOB,SHAD,PLOB,PLOB,PLOB,PLOB,PLOB,EAM,EAM,PLOB,EAM,PLOB,SHAD,MACRO_UNK,PLOB,PLOB,PLOB,MACRO_UNK,EAM,EAM,TURF,PLOB,MACRO_UNK,PLOB,PLOB,DCRE,SHAD,HALI,PLOB,EAM,EAM,PLOB,PLOB,PLOB,UNK,TURF,EAM,EAM,PLOB,PLOB,PLOB,PLOB,PLOB,PLOB
ana,sh,one,t1_6,PLOB,PLOB,PLOB,PLOB,PLOB,PLOB,PLOB,TURF,PLOB,PLOB,PLOB,PLOB,PLOB,PLOB,PLOB,PLOB,PLOB,PLOB,PLOB,PLOB,SOBT,PLOB,PLOB,PLOB,PLOB,PLOB,PLOB,PLOB,PLOB,PLOB,SHAD,PLOB,PLOB,SOBT,PLOB,PLOB,WAND,PLOB,PLOB,PLOB,PLOB,PLOB,PLOB,PLOB,PLOB,HALI,MACRO_UNK,HALI,PLOB,PLOB,PLOB,PLOB,PLOB,PLOB,PLOB,PLOB,PLOB,PLOB,PLOB,PLOB,PLOB,PLOB,PLOB,PLOB,PLOB,PLOB,PLOB,PLOB,PLOB,PLOB,PLOB,PLOB,PLOB,PLOB,PLOB,PLOB,PLOB,PLOB,PLOB,PLOB,PLOB,PLOB,PLOB,PLOB,PLOB,PLOB,PLOB,PLOB,PLOB,PLOB,PLOB,PLOB,PLOB,PLOB,PLOB,HALI,PLOB,HALI,PLOB,PLOB
ana,sh,one,t1_7,PLOB,PLOB,PLOB,PLOB,PLOB,PLOB,PLOB,PLOB,PLOB,PLOB,PLOB,PLOB,PLOB,PLOB,PLOB,PLOB,PLOB,PLOB,PLOB,SHAD,PLOB,PLOB,PLOB,PLOB,PLOB,PLOB,PLOB,PLOB,PLOB,PLOB,PLOB,PLOB,PLOB,PLOB,PLOB,PLOB,PLOB,PLOB,PLOB,PLOB,PLOB,PLOB,PLOB,PLOB,PLOB,PLOB,PLOB,PLOB,PLOB,PLOB,PLOB,SHAD,PLOB,PLOB,PLOB,PLOB,PLOB,PLOB,PLOB,PLOB,PLOB,PLOB,PLOB,PLOB,PLOB,PLOB,PLOB,SHAD,SHAD,PLOB,PLOB,PLOB,PLOB,MACRO_UNK,PLOB,PLOB,PLOB,PLOB,PLOB,SHAD,PLOB,PLOB,PLOB,PLOB,PLOB,PLOB,PLOB,PLOB,PLOB,PLOB,PLOB,PLOB,PLOB,PLOB,PLOB,PLOB,PLOB,PLOB,PLOB,PLOB
ana,sh,one,t1_8,EAM,EAM,EAM,EAM,EAM,PLOB,PLOB,PLOB,PLOB,PLOB,EAM,EAM,EAM,PLOB,PLOB,PLOB,PLOB,PLOB,PLOB,PLOB,PLOB,EAM,PLOB,EAM,PLOB,PLOB,PLOB,PLOB,PLOB,PLOB,PLOB,EAM,PLOB,PLOB,PLOB,PLOB,PLOB,PLOB,WAND,PLOB,PLOB,PLOB,PLOB,PLOB,PLOB,PLOB,PLOB,PLOB,PLOB,PLOB,PLOB,PLOB,PLOB,PLOB,PLOB,PLOB,PLOB,PLOB,PLOB,PLOB,PLOB,PLOB,PLOB,PLOB,PLOB,PLOB,PLOB,PLOB,PLOB,PLOB,EAM,PLOB,PLOB,PLOB,PLOB,PLOB,PLOB,PLOB,PLOB,PLOB,PLOB,PLOB,PLOB,PLOB,PLOB,PLOB,PLOB,PLOB,PLOB,PLOB,PLOB,PLOB,PLOB,PLOB,PLOB,PLOB,PLOB,PLOB,PLOB,PLOB
ana,sh,one,t1_9,PLOB,PLOB,PLOB,PLOB,PLOB,PLOB,PLOB,PLOB,PLOB,PLOB,HALI,PLOB,PLOB,PLOB,PLOB,PLOB,PLOB,PLOB,PLOB,PLOB,PLOB,HALI,SHAD,PLOB,PLOB,PLOB,PLOB,PLOB,PLOB,PLOB,EAM,TURF,TURF,PLOB,PLOB,PLOB,PLOB,PLOB,PLOB,PLOB,TURF,HALI,PLOB,PLOB,PLOB,PLOB,PLOB,PLOB,WAND,PLOB,HALI,HALI,HALI,PLOB,PLOB,PLOB,PLOB,PLOB,PLOB,PLOB,TURF,HALI,HALI,TURF,TURF,TURF,HALI,PLOB,PLOB,PLOB,EAM,EAM,HALI,PLOB,PLOB,PLOB,PLOB,HALI,PLOB,TURF,EAM,TURF,TURF,PLOB,PLOB,PLOB,PLOB,PLOB,PLOB,PLOB,TURF,HALI,PLOB,PLOB,PLOB,PLOB,PLOB,PLOB,PLOB,PLOB
ana,sh,one,t1_10,TURF,SHAD,TURF,PLOB,HALI,HALI,PLOB,PLOB,PLOB,PLOB,PLOB,TURF,PLOB,HALI,HALI,HALI,PLOB,PLOB,PLOB,PLOB,PLOB,PLOB,PLOB,HALI,HALI,PLOB,PLOB,PLOB,PLOB,PLOB,PLOB,PLOB,PLOB,PLOB,HALI,PLOB,WAND,PLOB,PLOB,PLOB,PLOB,SOBT,PLOB,PLOB,PLOB,PLOB,PLOB,PLOB,PLOB,PLOB,HALI,PLOB,PLOB,PLOB,PLOB,PLOB,PLOB,PLOB,PLOB,PLOB,PLOB,PLOB,PLOB,PLOB,PLOB,PLOB,PLOB,PLOB,PLOB,PLOB,PLOB,PLOB,PLOB,PLOB,PLOB,PLOB,PLOB,PLOB,PLOB,PLOB,PLOB,PLOB,PLOB,PLOB,PLOB,PLOB,PLOB,PLOB,TURF,PLOB,PLOB,PLOB,PLOB,MACRO_UNK,MACRO_UNK,MACRO_UNK,PLOB,PLOB,PLOB,PLOB
ana,sh,one,t1_11,PLOB,PLOB,PLOB,EAM,PLOB,PLOB,PLOB,PLOB,PLOB,PLOB,PLOB,PLOB,PLOB,PLOB,PLOB,PLOB,PLOB,PLOB,PLOB,PLOB,HALI,PLOB,PLOB,PLOB,PLOB,PLOB,PLOB,EAM,PLOB,PLOB,HALI,HALI,EAM,PLOB,EAM,PLOB,PLOB,PLOB,PLOB,PLOB,TURF,PLOB,MACRO_UNK,PLOB,SHAD,PLOB,PLOB,WAND,PLOB,PLOB,HALI,PLOB,PLOB,PLOB,PLOB,PLOB,PLOB,SOBT,PLOB,PLOB,PLOB,PLOB,PLOB,SHAD,PLOB,PLOB,PLOB,PLOB,PLOB,PLOB,PLOB,EAM,SHAD,PLOB,PLOB,PLOB,PLOB,PLOB,PLOB,PLOB,PLOB,PLOB,PLOB,PLOB,PLOB,PLOB,TURF,PLOB,PLOB,SOBT,PLOB,PLOB,MACRO_UNK,PLOB,PLOB,PLOB,PLOB,PLOB,PLOB,PLOB
ana,sh,one,t1_12,TURF,TURF,TURF,EAM,EAM,TURF,TURF,PLOB,PLOB,PLOB,TURF,TURF,EAM,EAM,TURF,EAM,EAM,PLOB,PLOB,PLOB,MACRO_UNK,TURF,EAM,EAM,HALI,HALI,PLOB,PLOB,PLOB,PLOB,TURF,TURF,TURF,TURF,PLOB,PLOB,WAND,PLOB,PLOB,PLOB,TURF,TURF,TURF,PLOB,PLOB,PLOB,PLOB,PLOB,PLOB,PLOB,PLOB,PLOB,PLOB,PLOB,PLOB,PLOB,PLOB,PLOB,PLOB,PLOB,MACRO_UNK,MACRO_UNK,PLOB,PLOB,PLOB,HALI,PLOB,HALI,HALI,HALI,MACRO_UNK,EAM,PLOB,PLOB,PLOB,PLOB,TAPE,TAPE,TAPE,PLOB,PLOB,MACRO_UNK,EAM,SHAD,PLOB,PLOB,PLOB,PLOB,PLOB,PLOB,PLOB,PLOB,PLOB,PLOB,PLOB,TURF,PLOB,PLOB,HALI,PLOB
ana,sh,one,t1_13,SHAD,TURF,PLOB,SHAD,PLOB,PLOB,PLOB,PLOB,TURF,TURF,PLOB,PLOB,PLOB,PLOB,HALI,TURF,PLOB,TURF,PLOB,PLOB,PLOB,PLOB,PLOB,PLOB,PLOB,PLOB,PLOB,HALI,PLOB,PLOB,PLOB,PLOB,PLOB,PLOB,PLOB,PLOB,PLOB,PLOB,PLOB,PLOB,PLOB,PLOB,PLOB,PLOB,PLOB,PLOB,PLOB,PLOB,PLOB,PLOB,PLOB,PLOB,PLOB,PLOB,HALI,PLOB,PLOB,PLOB,PLOB,PLOB,PLOB,PLOB,PLOB,PLOB,HALI,HALI,HALI,PLOB,PLOB,PLOB,PLOB,TAPE,PLOB,TAPE,PLOB,HALI,HALI,HALI,TAPE,TAPE,PLOB,PLOB,PLOB,SHAD,EAM,EAM,EAM,HALI,HALI,HALI,PLOB,PLOB,PLOB,MACRO_UNK,EAM,EAM,DCRE,MACRO_UNK,PLOB,PLOB
ana,sh,one,t1_14,HALI,PLOB,EAM,PLOB,PLOB,PLOB,PLOB,PLOB,PLOB,PLOB,PLOB,PLOB,PLOB,PLOB,PLOB,PLOB,PLOB,PLOB,PLOB,PLOB,PLOB,PLOB,PLOB,PLOB,PLOB,PLOB,PLOB,PLOB,SHAD,PLOB,PLOB,PLOB,PLOB,PLOB,PLOB,PLOB,PLOB,PLOB,HALI,PLOB,PLOB,PLOB,PLOB,PLOB,PLOB,PLOB,PLOB,PLOB,PLOB,PLOB,PLOB,PLOB,PLOB,PLOB,PLOB,PLOB,PLOB,PLOB,PLOB,PLOB,PLOB,PLOB,PLOB,PLOB,PLOB,PLOB,PLOB,PLOB,PLOB,PLOB,PLOB,PLOB,PLOB,PLOB,PLOB,PLOB,PLOB,TAPE,TAPE,TAPE,PLOB,PLOB,PLOB,PLOB,PLOB,PLOB,PLOB,PLOB,PLOB,PLOB,PLOB,PLOB,PLOB,PLOB,PLOB,PLOB,PLOB,PLOB,PLOB,PLOB
ana,sh,one,t1_15,PLOB,PLOB,PLOB,EAM,PLOB,PLOB,PLOB,PLOB,PLOB,PLOB,PLOB,PLOB,SHAD,SHAD,PLOB,PLOB,PLOB,PLOB,PLOB,PLOB,PLOB,TURF,SHAD,PLOB,PLOB,PLOB,TURF,PLOB,PLOB,PLOB,PLOB,PLOB,PLOB,PLOB,MACRO_UNK,PLOB,PLOB,PLOB,PLOB,PLOB,PLOB,PLOB,PLOB,PLOB,PLOB,PLOB,PLOB,PLOB,PLOB,PLOB,SHAD,PLOB,PLOB,PLOB,PLOB,SPR,SPR,SPR,SPR,PLOB,PLOB,PLOB,PLOB,PLOB,PLOB,SPR,SPR,SPR,SPR,EAM,SPR,SPR,SPR,SPR,SPR,SPR,SPR,SPR,SPR,TURF,SPR,SPR,SPR,SPR,SPR,SPR,SPR,SPR,SPR,SPR,SPR,SPR,SPR,SPR,SPR,SPR,PLOB,PLOB,PLOB,PLOB
ana,sh,two,t2_1,SHAD,PLOB,PLOB,PLOB,PLOB,PLOB,PLOB,PLOB,TURF,TURF,SHAD,PLOB,SHAD,PLOB,TURF,EAM,EAM,EAM,EAM,EAM,PLOB,PLOB,PLOB,PLOB,EAM,EAM,EAM,EAM,SHAD,PLOB,PVER,PLOB,EAM,EAM,EAM,EAM,EAM,WAND,PLOB,PLOB,PLOB,HALI,PLOB,PLOB,TURF,PLOB,PLOB,PLOB,PLOB,PLOB,PLOB,PLOB,HALI,HALI,PLOB,LVAR,LVAR,PLOB,PLOB,PLOB,PLOB,PLOB,PLOB,PLOB,PLOB,PLOB,PLOB,PLOB,PLOB,PLOB,PLOB,PLOB,PLOB,PLOB,HALI,PLOB,PLOB,PLOB,PLOB,PLOB,PLOB,PLOB,PLOB,MACRO_UNK,PLOB,PLOB,PLOB,EAM,PLOB,EAM,PLOB,PLOB,PLOB,PLOB,PLOB,PLOB,PLOB,PLOB,TAPE,PLOB
ana,sh,two,t2_2,PLOB,PLOB,PLOB,PLOB,PLOB,PLOB,PLOB,PLOB,PLOB,PLOB,PLOB,PLOB,PLOB,PLOB,PLOB,TURF,PLOB,PLOB,PLOB,PLOB,PLOB,PLOB,PLOB,MACRO_UNK,PLOB,PLOB,PLOB,PLOB,PLOB,PLOB,SHAD,PLOB,PLOB,TURF,SHAD,PLOB,MACRO_UNK,PLOB,PLOB,WAND,PLOB,PLOB,PLOB,PLOB,PLOB,TURF,TURF,PLOB,PLOB,PLOB,PLOB,PLOB,PLOB,PLOB,PLOB,PLOB,HALI,HALI,PLOB,PLOB,PLOB,PLOB,PLOB,PLOB,SHAD,PLOB,PLOB,PLOB,PLOB,PLOB,SHAD,PLOB,PLOB,PLOB,PLOB,SHAD,PLOB,PLOB,PLOB,PLOB,PLOB,PLOB,PLOB,PLOB,PLOB,SHAD,PLOB,PLOB,PLOB,PLOB,PLOB,PLOB,PLOB,PLOB,PLOB,PLOB,PLOB,PLOB,PLOB,PLOB
ana,sh,two,t2_3,EAM,PLOB,PLOB,PLOB,PLOB,PLOB,PLOB,PLOB,PLOB,PLOB,PLOB,PLOB,PLOB,PLOB,PLOB,PLOB,PLOB,PLOB,PLOB,HALI,PLOB,PLOB,SHAD,PLOB,HALI,PLOB,PLOB,PLOB,PLOB,TURF,PLOB,PLOB,PLOB,HALI,SHAD,PLOB,PLOB,PLOB,HALI,TURF,PLOB,SHAD,PLOB,PLOB,HALI,HALI,PLOB,PLOB,PLOB,PLOB,PLOB,PLOB,PLOB,PLOB,PLOB,PLOB,PLOB,PLOB,HALI,PLOB,PLOB,PLOB,PLOB,HALI,HALI,PLOB,PLOB,PLOB,HALI,HALI,HALI,HALI,HALI,HALI,HALI,HALI,PLOB,PLOB,PLOB,PLOB,PLOB,PLOB,PLOB,HALI,PLOB,HALI,PLOB,PLOB,PLOB,PLOB,PLOB,PLOB,PLOB,PLOB,PLOB,PLOB,PLOB,PLOB,PLOB,PLOB
ana,sh,two,t2_4,PLOB,TURF,PLOB,PLOB,PLOB,PLOB,PLOB,PLOB,PLOB,PLOB,PLOB,SHAD,PLOB,EAM,PLOB,PLOB,SHAD,SHAD,PLOB,PLOB,PLOB,PLOB,EAM,EAM,TURF,PLOB,PLOB,PLOB,PLOB,PLOB,PLOB,PLOB,PLOB,PLOB,PLOB,PLOB,PLOB,PLOB,PLOB,WAND,PLOB,PLOB,PLOB,PLOB,PLOB,PLOB,PLOB,PLOB,PLOB,PLOB,EAM,PLOB,PLOB,PLOB,PLOB,PLOB,PLOB,PLOB,PLOB,PLOB,PLOB,EAM,EAM,PLOB,PLOB,PLOB,PLOB,PLOB,PLOB,PLOB,PLOB,PLOB,PLOB,PLOB,SHAD,PLOB,PLOB,PLOB,PLOB,PLOB,PLOB,PLOB,PLOB,PLOB,TURF,TURF,PLOB,HALI,PLOB,PLOB,PLOB,PLOB,PLOB,PLOB,PLOB,HALI,PLOB,PLOB,HALI,PLOB
ana,sh,two,t2_5,PLOB,PLOB,PLOB,PLOB,PLOB,PLOB,PLOB,PLOB,PLOB,WAND,PLOB,PLOB,LVAR,PLOB,PLOB,PLOB,PLOB,PLOB,PLOB,PLOB,PLOB,PLOB,LVAR,LVAR,PLOB,PLOB,PLOB,PLOB,PLOB,PLOB,PLOB,HALI,PLOB,PLOB,WAND,PLOB,PLOB,PLOB,PLOB,PLOB,PLOB,PLOB,PLOB,PLOB,PLOB,PLOB,PLOB,PLOB,PLOB,PLOB,PLOB,HALI,HALI,HALI,HALI,PLOB,HALI,PLOB,PLOB,PLOB,PLOB,PLOB,PLOB,PLOB,PLOB,PLOB,PLOB,PLOB,PLOB,PLOB,PLOB,PLOB,PLOB,PLOB,PLOB,PLOB,PLOB,PLOB,PLOB,PLOB,PLOB,PLOB,PLOB,PLOB,PLOB,PLOB,PLOB,PLOB,PLOB,PLOB,PLOB,PLOB,PLOB,PLOB,PLOB,PLOB,PLOB,PLOB,PLOB,PLOB
ana,sh,two,t2_6,PLOB,PLOB,PLOB,PLOB,PLOB,PLOB,PLOB,PLOB,PLOB,PLOB,PLOB,PLOB,PLOB,PLOB,PLOB,PLOB,PLOB,PLOB,PLOB,PLOB,PLOB,PLOB,SHAD,PLOB,PLOB,PLOB,PLOB,PLOB,PLOB,PLOB,HALI,PLOB,PLOB,PLOB,PLOB,PLOB,PLOB,PLOB,PLOB,PLOB,SOBT,PLOB,PLOB,PLOB,PLOB,PLOB,PLOB,PLOB,PLOB,PLOB,PLOB,PLOB,PLOB,HALI,HALI,PLOB,PLOB,PLOB,PLOB,PLOB,PLOB,PLOB,PLOB,PLOB,PLOB,HALI,PLOB,PLOB,WAND,WAND,PLOB,PLOB,PLOB,PLOB,PLOB,HALI,PLOB,PLOB,PLOB,PLOB,PLOB,PLOB,SHAD,PLOB,PLOB,PLOB,PLOB,PLOB,TURF,PLOB,PLOB,PLOB,PLOB,PLOB,PLOB,PLOB,PLOB,PLOB,PLOB,PLOB
ana,sh,two,t2_7,SPR,PLOB,PLOB,PLOB,PLOB,PLOB,PLOB,PLOB,PLOB,PLOB,SPR,SPR,PLOB,PLOB,PLOB,PLOB,PLOB,PLOB,PLOB,PLOB,SPR,SPR,PLOB,PLOB,PLOB,PLOB,PLOB,PLOB,PLOB,PLOB,PLOB,PLOB,PLOB,PLOB,PLOB,PLOB,PLOB,WAND,PLOB,PLOB,PLOB,PLOB,PLOB,PLOB,PLOB,PLOB,PLOB,PLOB,PLOB,PLOB,PLOB,PLOB,PLOB,WAND,PLOB,PLOB,PLOB,PLOB,PLOB,PLOB,PLOB,PLOB,PLOB,PLOB,PLOB,PLOB,PLOB,PLOB,PLOB,PLOB,PLOB,PLOB,PLOB,PLOB,PLOB,PLOB,PLOB,PLOB,PLOB,PLOB,PLOB,PLOB,PLOB,PLOB,PLOB,PLOB,PLOB,PLOB,PLOB,PLOB,PLOB,PLOB,PLOB,PLOB,PLOB,PLOB,PLOB,PLOB,PLOB,PLOB
ana,sh,two,t2_8,PLOB,PLOB,PLOB,PLOB,PLOB,PLOB,PLOB,PLOB,PLOB,PLOB,PLOB,PLOB,PLOB,PLOB,SHAD,PLOB,TURF,SHAD,PLOB,PLOB,SHAD,PLOB,PLOB,PLOB,PLOB,PLOB,PLOB,PLOB,PLOB,SPR,PLOB,PLOB,PLOB,PLOB,PLOB,PLOB,PLOB,PLOB,PLOB,PLOB,PLOB,PLOB,PLOB,PLOB,PLOB,PLOB,PLOB,PLOB,PLOB,PLOB,PLOB,PLOB,PLOB,PLOB,PLOB,PLOB,PLOB,SHAD,PLOB,PLOB,PLOB,SHAD,PLOB,PLOB,PLOB,PLOB,PLOB,PLOB,TURF,PLOB,PLOB,TURF,PLOB,PLOB,PLOB,PLOB,PLOB,PLOB,PLOB,SOBT,PLOB,PLOB,PLOB,PLOB,PLOB,PLOB,PLOB,PLOB,PLOB,PLOB,PLOB,PLOB,PLOB,PLOB,PLOB,PLOB,HALI,PLOB,PLOB,PLOB
ana,sh,two,t2_9,PLOB,PLOB,PLOB,PLOB,PLOB,PLOB,PLOB,PLOB,PLOB,PLOB,PLOB,PLOB,PLOB,HALI,PLOB,PLOB,CPOC,CPOC,PLOB,PLOB,PLOB,PLOB,PLOB,PLOB,HALI,PLOB,PLOB,PLOB,HALI,PLOB,PLOB,PLOB,PLOB,HALI,HALI,PLOB,PLOB,PLOB,PLOB,PLOB,PLOB,PLOB,PLOB,HALI,PLOB,PLOB,PLOB,PLOB,PLOB,PLOB,PLOB,PLOB,PLOB,PLOB,PLOB,PLOB,PLOB,PLOB,PLOB,PLOB,PLOB,PLOB,PLOB,PLOB,PLOB,PLOB,PLOB,PLOB,PLOB,PLOB,PLOB,PLOB,PLOB,SHAD,PLOB,PLOB,PLOB,PLOB,PLOB,PLOB,PLOB,PLOB,PLOB,PLOB,SHAD,SHAD,PLOB,PLOB,PLOB,PLOB,PLOB,PLOB,PLOB,PLOB,TURF,PLOB,PLOB,PLOB,PLOB,PLOB
ana,sh,two,t2_10,EAM,EAM,EAM,EAM,PLOB,PLOB,PLOB,PLOB,PLOB,PLOB,PLOB,TURF,TURF,PLOB,HALI,PLOB,PLOB,PLOB,PLOB,PLOB,PLOB,PLOB,PLOB,PLOB,PLOB,PLOB,PLOB,PLOB,PLOB,PLOB,PLOB,PLOB,PLOB,PLOB,PLOB,PLOB,PLOB,PLOB,PLOB,WAND,PLOB,PLOB,PLOB,PLOB,PLOB,PLOB,WAND,PLOB,PLOB,PLOB,PLOB,PLOB,PLOB,PLOB,PLOB,PLOB,PLOB,PLOB,PLOB,PLOB,PLOB,PLOB,PLOB,PLOB,PLOB,TURF,PLOB,TURF,PLOB,PLOB,PLOB,PLOB,PLOB,PLOB,PLOB,PLOB,PLOB,PLOB,PLOB,PLOB,PLOB,PLOB,PLOB,PLOB,PLOB,PLOB,PLOB,PLOB,PLOB,PLOB,PLOB,PLOB,PLOB,PLOB,PLOB,PLOB,PLOB,PLOB,PLOB,PLOB
ana,sh,two,t2_11,PLOB,PLOB,PLOB,PLOB,PLOB,PLOB,PLOB,PLOB,PLOB,PLOB,PLOB,PLOB,PLOB,PLOB,PLOB,PLOB,SHAD,PLOB,PLOB,PLOB,PLOB,PLOB,PLOB,PLOB,PLOB,PLOB,PLOB,PLOB,PLOB,PLOB,PLOB,PLOB,PLOB,PLOB,PLOB,PLOB,PLOB,PLOB,PLOB,PLOB,PLOB,PLOB,PLOB,MACRO_UNK,PLOB,PLOB,PLOB,PLOB,PLOB,PLOB,PLOB,PLOB,MACRO_UNK,PLOB,PLOB,PLOB,PLOB,PLOB,PLOB,PLOB,HALI,PLOB,HALI,PLOB,SPR,SPR,PLOB,SPR,PLOB,PLOB,SHAD,SHAD,PLOB,PLOB,PLOB,PLOB,TURF,SPR,PLOB,PLOB,HALI,SHAD,PLOB,PLOB,PLOB,PLOB,PLOB,SPR,PLOB,PLOB,HALI,PLOB,PLOB,PLOB,PLOB,PLOB,PLOB,PLOB,PLOB,PLOB
ana,sh,two,t2_12,PLOB,PLOB,SHAD,PLOB,PLOB,PLOB,PLOB,PLOB,PLOB,PLOB,PLOB,PLOB,PLOB,PLOB,PLOB,PLOB,PLOB,PLOB,PLOB,PLOB,PLOB,PLOB,PLOB,PLOB,PLOB,PLOB,PLOB,EAM,EAM,PLOB,PLOB,PLOB,PLOB,PLOB,HALI,EAM,EAM,EAM,EAM,HALI,HALI,HALI,HALI,EAM,EAM,EAM,EAM,EAM,EAM,EAM,PLOB,EAM,EAM,EAM,EAM,EAM,EAM,EAM,TURF,EAM,PLOB,PLOB,PLOB,TURF,EAM,EAM,EAM,EAM,HALI,PLOB,HALI,PLOB,PLOB,HALI,HALI,EAM,PLOB,SHAD,PLOB,PLOB,PLOB,PLOB,PLOB,HALI,HALI,PLOB,PLOB,HALI,PLOB,PLOB,PLOB,PLOB,PLOB,SHAD,HALI,PLOB,PLOB,PLOB,PLOB,PLOB
ana,sh,two,t2_13,SHAD,PLOB,PLOB,HALI,HALI,PLOB,PLOB,HALI,HALI,HALI,PLOB,PLOB,PLOB,PLOB,SHAD,SHAD,PLOB,PLOB,HALI,PLOB,SHAD,PLOB,PLOB,PLOB,SHAD,PLOB,PLOB,PLOB,PLOB,PLOB,PLOB,SHAD,PLOB,PLOB,PLOB,PLOB,PLOB,PLOB,PLOB,PLOB,PLOB,PLOB,PLOB,PLOB,PLOB,PLOB,WAND,PLOB,PLOB,PLOB,PLOB,PLOB,PLOB,PLOB,PLOB,PLOB,PLOB,PLOB,PLOB,PLOB,SHAD,PVER,SHAD,MACRO_UNK,PLOB,PLOB,PLOB,SHAD,PLOB,PLOB,PLOB,PLOB,UNK,TURF,EAM,EAM,PLOB,PLOB,PLOB,PLOB,PLOB,PLOB,PLOB,PLOB,PLOB,TURF,EAM,HALI,PLOB,PLOB,PLOB,PLOB,TAPE,PLOB,PLOB,TURF,PLOB,SHAD,PLOB,PLOB
ana,sh,two,t2_14,PLOB,PLOB,EAM,PLOB,TURF,TURF,TURF,TURF,PLOB,PLOB,PLOB,EAM,TURF,TURF,PLOB,PLOB,HALI,PLOB,TURF,PLOB,PLOB,PLOB,PLOB,PLOB,PLOB,PLOB,PLOB,PLOB,PLOB,PLOB,PLOB,PLOB,PLOB,PLOB,PLOB,PLOB,MACRO_UNK,PLOB,HALI,PLOB,HALI,PLOB,PLOB,PLOB,TURF,PLOB,PLOB,PLOB,PLOB,PLOB,PLOB,PLOB,PLOB,TURF,PLOB,PLOB,PLOB,PLOB,PLOB,PLOB,HALI,PLOB,PLOB,HALI,PLOB,PLOB,PLOB,PLOB,PLOB,PLOB,PLOB,PLOB,PLOB,PLOB,HALI,HALI,PLOB,PLOB,PLOB,PLOB,PLOB,PLOB,PLOB,HALI,HALI,PLOB,PLOB,PLOB,PLOB,HALI,PLOB,PLOB,PLOB,PLOB,PLOB,PLOB,PLOB,PLOB,PLOB,PLOB
ana,sh,two,t2_15,PLOB,PLOB,PLOB,TURF,EAM,PLOB,PLOB,PLOB,PLOB,PLOB,SHAD,SHAD,SPR,EAM,EAM,PLOB,MACRO_UNK,PLOB,PLOB,PLOB,SHAD,MACRO_UNK,PLOB,PLOB,PLOB,PLOB,PLOB,PLOB,PLOB,PLOB,PLOB,PLOB,PLOB,MACRO_UNK,PLOB,PLOB,HALI,PLOB,PLOB,PLOB,HALI,HALI,HALI,HALI,PLOB,PLOB,PLOB,WAND,WAND,PLOB,HALI,PLOB,MACRO_UNK,MACRO_UNK,PLOB,PLOB,PLOB,WAND,PLOB,PLOB,HALI,PLOB,PLOB,PLOB,EAM,EAM,PLOB,PLOB,PLOB,PLOB,PLOB,PLOB,PLOB,TURF,EAM,EAM,PLOB,PLOB,PLOB,PLOB,PLOB,PLOB,PVER,PVER,PVER,PLOB,PLOB,PLOB,PLOB,PLOB,PLOB,PLOB,PLOB,PLOB,PLOB,PLOB,PLOB,PLOB,PLOB,PLOB
ana,sh,three,t3_1,PLOB,PLOB,PLOB,PLOB,PLOB,PLOB,SHAD,PLOB,PLOB,PLOB,SHAD,PLOB,PLOB,PLOB,PLOB,PLOB,PLOB,PLOB,PLOB,WAND,PLOB,PLOB,UNK,PLOB,PLOB,PLOB,PLOB,PLOB,PLOB,PLOB,PLOB,PLOB,PLOB,PLOB,PLOB,DC,PLOB,PLOB,PLOB,PLOB,PLOB,PLOB,PLOB,SHAD,PLOB,PLOB,PLOB,PLOB,PLOB,PLOB,PLOB,PLOB,PLOB,PLOB,PLOB,PLOB,PLOB,PLOB,PLOB,PLOB,HALI,PLOB,SHAD,PLOB,PLOB,PLOB,PLOB,PLOB,PLOB,PLOB,TAPE,PLOB,PLOB,PLOB,TAPE,PLOB,PLOB,PLOB,PLOB,TAPE,PLOB,PLOB,PLOB,PLOB,PLOB,PLOB,PLOB,PLOB,PLOB,PLOB,PLOB,PLOB,PLOB,PLOB,PLOB,PLOB,PLOB,PLOB,PLOB,PLOB
ana,sh,three,t3_2,PLOB,PLOB,PLOB,PLOB,PLOB,PLOB,PLOB,PLOB,PLOB,PLOB,PLOB,PLOB,PLOB,PLOB,PLOB,PLOB,PLOB,WAND,PLOB,PLOB,PLOB,PLOB,PLOB,PLOB,PLOB,PLOB,PLOB,PLOB,PLOB,PLOB,PLOB,PLOB,PLOB,PLOB,PLOB,PLOB,PLOB,PLOB,PLOB,PLOB,PLOB,PLOB,PLOB,PLOB,PLOB,PLOB,PLOB,PLOB,PLOB,UNK,SHAD,SHAD,PLOB,PLOB,PLOB,PLOB,PLOB,PLOB,PLOB,PLOB,HALI,PLOB,PLOB,PLOB,PLOB,PLOB,PLOB,PLOB,PLOB,PLOB,PLOB,SHAD,SHAD,PLOB,PLOB,PLOB,PLOB,PLOB,PLOB,PLOB,PLOB,PLOB,PLOB,HALI,PLOB,PLOB,SHAD,PLOB,PLOB,PLOB,PLOB,PLOB,PLOB,PLOB,PLOB,PLOB,PLOB,PLOB,PLOB,PLOB
ana,sh,three,t3_3,PLOB,PLOB,PLOB,SHAD,SHAD,PLOB,PLOB,PLOB,PLOB,PLOB,PLOB,PLOB,PLOB,PLOB,PLOB,PLOB,PLOB,PLOB,PLOB,PLOB,PLOB,PLOB,PLOB,PLOB,PLOB,PLOB,PLOB,PLOB,PLOB,PLOB,PLOB,PLOB,PLOB,PLOB,EAM,HALI,EAM,EAM,PLOB,WAND,PLOB,PLOB,EAM,EAM,EAM,EAM,EAM,WAND,PLOB,PLOB,PLOB,PLOB,PLOB,EAM,PLOB,PLOB,HALI,EAM,PLOB,EAM,PLOB,PLOB,PLOB,PLOB,PLOB,PLOB,TAPE,PLOB,TAPE,PLOB,PLOB,PLOB,PLOB,PLOB,PLOB,PLOB,PLOB,PLOB,PLOB,PLOB,PLOB,PLOB,PLOB,PLOB,PLOB,PLOB,PLOB,PLOB,SOBT,SOBT,PLOB,PLOB,PLOB,EAM,EAM,PLOB,PLOB,PLOB,PLOB,PLOB
ana,sh,three,t3_4,PLOB,TURF,PLOB,PLOB,PLOB,PLOB,PLOB,TURF,TURF,PLOB,PLOB,UNK,PLOB,PLOB,PLOB,PLOB,PLOB,PLOB,PLOB,PLOB,PLOB,PLOB,UNK,PLOB,PLOB,PLOB,PLOB,EAM,PLOB,PLOB,UNK,PLOB,PLOB,PLOB,PLOB,PLOB,PLOB,EAM,PLOB,PLOB,SHAD,PLOB,PLOB,PLOB,PLOB,PLOB,PLOB,TURF,TURF,PLOB,SHAD,PLOB,PLOB,PLOB,PLOB,PLOB,PLOB,PLOB,PLOB,PLOB,PLOB,PLOB,EAM,PLOB,PLOB,PLOB,PLOB,PLOB,PLOB,PLOB,PLOB,PLOB,PLOB,PLOB,PLOB,PLOB,HALI,PLOB,PLOB,PLOB,PLOB,PLOB,PLOB,PLOB,SHAD,TURF,TURF,HALI,PLOB,PLOB,PLOB,PLOB,PLOB,PLOB,HALI,PLOB,UNK,HALI,HALI,TURF
ana,sh,three,t3_5,PLOB,PLOB,PLOB,PLOB,PLOB,TURF,TURF,PLOB,PLOB,PLOB,PLOB,PLOB,UNK,PLOB,PLOB,PLOB,TURF,PLOB,PLOB,PLOB,PLOB,PLOB,PLOB,UNK,UNK,PLOB,PLOB,PLOB,PLOB,PLOB,PLOB,PLOB,MACRO_UNK,PLOB,UNK,PLOB,PLOB,PLOB,PLOB,PLOB,PLOB,PLOB,PLOB,PLOB,PLOB,PLOB,PLOB,PLOB,PLOB,PLOB,PLOB,HALI,PLOB,PLOB,PLOB,PLOB,PLOB,TAPE,PLOB,PLOB,PLOB,PLOB,EAM,EAM,PLOB,PLOB,PLOB,PLOB,PLOB,PLOB,PLOB,PLOB,DCRE,PLOB,EAM,EAM,PLOB,PLOB,PLOB,PLOB,PLOB,PLOB,PLOB,PLOB,PLOB,PVER,PLOB,PLOB,PLOB,PLOB,PLOB,PLOB,PLOB,PLOB,PLOB,PLOB,PLOB,PLOB,PLOB,PLOB
ana,sh,three,t3_6,PLOB,PLOB,PLOB,PLOB,PLOB,PLOB,PLOB,UNK,PLOB,PLOB,PLOB,PLOB,PLOB,PLOB,PLOB,PLOB,PLOB,PLOB,PLOB,PLOB,PLOB,PLOB,PLOB,PLOB,PLOB,PLOB,PLOB,PLOB,PLOB,PLOB,EAM,EAM,EAM,EAM,PLOB,PLOB,PLOB,PLOB,PLOB,UNK,EAM,EAM,PLOB,PLOB,MACRO_UNK,PLOB,PLOB,PLOB,PLOB,PLOB,PLOB,EAM,EAM,PLOB,PLOB,PLOB,PLOB,PLOB,PLOB,PLOB,EAM,PLOB,PLOB,PLOB,PLOB,PLOB,PLOB,PLOB,PLOB,PLOB,PLOB,PLOB,PLOB,PLOB,PLOB,PLOB,PLOB,PLOB,PLOB,PLOB,PLOB,PLOB,PLOB,PLOB,PLOB,PLOB,PLOB,PLOB,PLOB,PLOB,PLOB,PLOB,PLOB,PLOB,PLOB,PLOB,PLOB,PLOB,PLOB,PLOB
ana,sh,three,t3_7,PLOB,PLOB,PLOB,PLOB,PLOB,PLOB,PLOB,PLOB,PLOB,PLOB,PLOB,PLOB,PLOB,PLOB,PLOB,PLOB,PLOB,PLOB,PLOB,PLOB,PLOB,SHAD,PLOB,PLOB,SHAD,PLOB,PLOB,PLOB,PLOB,PLOB,PLOB,HALI,PLOB,PLOB,PLOB,PLOB,PLOB,PLOB,EAM,PLOB,EAM,PLOB,PLOB,PLOB,PLOB,PLOB,PLOB,PLOB,PLOB,EAM,EAM,EAM,PLOB,PLOB,PLOB,PLOB,PLOB,EAM,PLOB,EAM,EAM,EAM,EAM,PLOB,PLOB,PLOB,UNK,PLOB,PLOB,PLOB,EAM,PLOB,EAM,EAM,EAM,PLOB,PLOB,PLOB,MACRO_UNK,SHAD,PLOB,PLIG,PLIG,PLIG,PLOB,PLOB,PLOB,PLOB,SHAD,SHAD,EAM,EAM,O,EAM,PLOB,EAM,PLOB,SHAD,SHAD,PLOB
ana,sh,three,t3_8,PLOB,PLOB,PLOB,PLOB,PLOB,PLOB,PLOB,PLOB,PLOB,SHAD,PLOB,PLOB,PLOB,PLOB,PLOB,SHAD,PLOB,UNK,PLOB,MACRO_UNK,PLOB,PLOB,PLOB,TURF,TURF,PLIG,PLIG,PLOB,PLOB,PLOB,PLOB,PLOB,EAM,PLOB,EAM,TURF,EAM,EAM,PLOB,PLOB,PLOB,TURF,PLOB,EAM,EAM,EAM,EAM,EAM,EAM,EAM,MACRO_UNK,PLOB,EAM,EAM,EAM,EAM,EAM,EAM,EAM,EAM,MACRO_UNK,PLOB,MACRO_UNK,EAM,EAM,EAM,EAM,EAM,TAPE,TAPE,SHAD,PLOB,PLOB,PLOB,EAM,EAM,PLOB,EAM,PLOB,EAM,PLOB,PLOB,PLOB,SHAD,PLOB,PLOB,PLOB,PLOB,PLOB,PLOB,PLOB,PLOB,EAM,EAM,PLOB,TURF,EAM,PLOB,PLOB,PLOB
ana,sh,three,t3_9,PLOB,PLOB,PLOB,PLOB,PLOB,SHAD,PLOB,PLOB,PLOB,PLOB,MACRO_UNK,PLOB,PLOB,PLOB,PLOB,PLOB,PLOB,PLOB,PLOB,PLOB,PLOB,PLOB,PLOB,PLOB,PLOB,PLOB,PLOB,PLOB,PLOB,PLOB,MACRO_UNK,PLOB,PLOB,PLOB,PLOB,PLOB,PLOB,PLOB,WAND,MACRO_UNK,CALC,SHAD,PLOB,PLOB,PLOB,TURF,PLOB,PLOB,PLOB,PLOB,PLOB,PLOB,PLOB,PLOB,TURF,TURF,PLOB,PLOB,PLOB,PLOB,PLOB,PLOB,PLOB,PLOB,MACRO_UNK,PLOB,TAPE,PLOB,EAM,PLOB,PLOB,MACRO_UNK,TURF,PLOB,PLOB,PLOB,PLOB,SHAD,PLOB,SHAD,PLOB,PLOB,PLOB,PLOB,PLOB,PLOB,PLOB,PLOB,PLOB,PLOB,PLOB,PLOB,MACRO_UNK,PLOB,PLOB,PLOB,PLOB,PLOB,UNK,UNK
ana,sh,three,t3_10,TURF,TURF,TURF,TURF,PLOB,PLOB,PLOB,PLOB,SHAD,TURF,TURF,TURF,PLOB,PLOB,TURF,PLOB,PLOB,PLOB,WAND,PLOB,TURF,TURF,TURF,PLOB,PLOB,PLOB,PLOB,PLOB,PLOB,HALI,TURF,TURF,TURF,TURF,PLOB,PLOB,PLOB,PLOB,PLOB,PLOB,HALI,TURF,PVER,EAM,EAM,EAM,EAM,PLOB,PLOB,UNK,HALI,CALC,EAM,EAM,HALI,EAM,EAM,PLOB,PLOB,TURF,TURF,EAM,EAM,CALC,TURF,TURF,PLOB,PLOB,PLOB,PLOB,TURF,TURF,TURF,TURF,TURF,PLOB,PLOB,PLOB,PLOB,PLOB,SHAD,CALC,PLOB,SHAD,PLOB,HALI,PLOB,PLOB,PLOB,PLOB,PLOB,PLOB,SHAD,PLOB,PLOB,PLOB,EAM,PLOB,PLOB,PLOB
ana,sh,three,t3_11,SHAD,SHAD,PLOB,SHAD,EAM,SHAD,EAM,PLOB,PLOB,PLOB,PLOB,PLOB,PLOB,TURF,HALI,TURF,EAM,PLOB,TURF,TURF,HALI,PLOB,PLOB,HALI,TURF,TURF,EAM,PLOB,PLOB,EAM,PLOB,MACRO_UNK,PLOB,HALI,WAND,EAM,HALI,TURF,TURF,TURF,EAM,EAM,UNK,EAM,EAM,PVER,TURF,TURF,EAM,PLOB,EAM,EAM,EAM,EAM,EAM,TURF,EAM,HALI,EAM,EAM,EAM,EAM,HALI,TURF,EAM,EAM,EAM,EAM,EAM,EAM,TURF,MACRO_UNK,PLOB,PLOB,MACRO_UNK,EAM,EAM,EAM,EAM,EAM,PLOB,PLOB,PLOB,EAM,EAM,EAM,PLOB,TURF,EAM,EAM,PLOB,PLOB,MACRO_UNK,MACRO_UNK,TURF,PLOB,UNK,TURF,TURF,PLOB
ana,sh,three,t3_12,PLOB,PLOB,PLOB,EAM,PLOB,PLOB,PLOB,PLOB,PLOB,PLOB,EAM,PLOB,PLOB,PLOB,PLOB,PLOB,MACRO_UNK,MACRO_UNK,SHAD,PLOB,EAM,EAM,PLOB,PLOB,PLOB,PLOB,PLOB,PLOB,PLOB,UNK,MACRO_UNK,EAM,MACRO_UNK,PLOB,PLOB,PLOB,MACRO_UNK,PLOB,PLOB,PLOB,PLOB,PLOB,PLOB,PLOB,TURF,PLOB,PLOB,PLOB,PLOB,HALI,PLOB,HALI,PLOB,PLOB,PLOB,PLOB,PLOB,HALI,HALI,SHAD,PLOB,PLOB,PLOB,PLOB,PLOB,PLOB,PLOB,HALI,HALI,EAM,PLOB,PLOB,PLOB,PLOB,PLOB,PLOB,PLOB,HALI,HALI,EAM,PLOB,PLOB,PLOB,PLOB,PLOB,PLOB,PLOB,PLOB,SHAD,PLOB,PLOB,PLOB,PLOB,PLOB,PLOB,PLOB,PLOB,PLOB,PLOB,PLOB
ana,sh,three,t3_13,PLOB,PLOB,PLOB,PLOB,PLOB,PLOB,PLOB,PLOB,PLOB,WAND,PLOB,PLOB,PLOB,PLOB,PLOB,PLOB,PLOB,PLOB,PLOB,PLOB,PLOB,PLOB,PLOB,PLOB,PLOB,PLOB,PLOB,PLOB,PLOB,EAM,PLOB,PLOB,PLOB,PLOB,PLOB,PLOB,SHAD,EAM,EAM,EAM,PLOB,PLOB,TURF,EAM,EAM,EAM,EAM,EAM,PLOB,EAM,MACRO_UNK,PLOB,PLOB,PLOB,HALI,EAM,EAM,EAM,EAM,EAM,PLOB,PLOB,PLOB,PLOB,HALI,HALI,EAM,MACRO_UNK,MACRO_UNK,PLOB,PLOB,PLOB,PLOB,PLOB,PLOB,PLOB,PLOB,PLOB,PLOB,PLOB,PLOB,PLOB,PLOB,PLOB,PLOB,PLOB,PLOB,PLOB,PLOB,PLOB,PLOB,PLOB,PLOB,PLOB,TURF,TURF,PLOB,PLOB,PLOB,PLOB
ana,sh,three,t3_14,PLOB,PLOB,HALI,PLOB,PLOB,PLOB,PLOB,PLOB,PLOB,PLOB,PLOB,PLOB,PLOB,PLOB,PLOB,PLOB,PLOB,PLOB,PLOB,PLOB,PLOB,PLOB,PLOB,PLOB,PLOB,PLOB,PLOB,PLOB,SHAD,PLOB,PLOB,PLOB,EAM,HALI,PLOB,PLOB,PLOB,PLOB,PLOB,PLOB,PLOB,PLOB,EAM,PLOB,PLOB,PLOB,PLOB,SOBT,TURF,EAM,PLOB,PLOB,PLOB,PLOB,PLOB,PLOB,PLOB,PLOB,PLOB,HALI,PLOB,PLOB,PLOB,PLOB,PLOB,PLOB,PLOB,PLOB,PLOB,PLOB,TURF,PLOB,PLOB,PLOB,PLOB,PLOB,PLOB,PLOB,PLOB,PLOB,HALI,HALI,PLOB,PLOB,PLOB,PLOB,PLOB,PLOB,PLOB,PLOB,PLOB,PLOB,SHAD,PLOB,PLOB,PLOB,PLOB,SHAD,PLOB,PLOB
ana,sh,three,t3_15,TURF,HALI,HALI,TURF,PLOB,PLOB,PLOB,PLOB,PLOB,WAND,HALI,HALI,HALI,TURF,PLOB,PLOB,PLOB,WAND,WAND,PLOB,PLOB,PLOB,PLOB,PLOB,PLOB,PLOB,PLOB,PLOB,PLOB,PLOB,PLOB,PLOB,PLOB,PLOB,PLOB,PLOB,PLOB,PLOB,PLOB,PLOB,PLOB,PLOB,PLOB,PLOB,PLOB,PLOB,PLOB,PLOB,SHAD,PLOB,PLOB,PLOB,PLOB,PLOB,PLOB,PLOB,PLOB,PLOB,PLOB,PLOB,PLOB,PLOB,PLOB,PLOB,PLOB,PLOB,PLOB,PLOB,PLOB,PLOB,PLOB,SHAD,LVAR,PLOB,PLOB,PLOB,PLOB,PLOB,PLOB,PLOB,PLOB,TAPE,PLOB,PLOB,TURF,PLOB,PLOB,PLOB,PLOB,TAPE,PLOB,PLOB,PLOB,PLOB,PLOB,PLOB,PLOB,PLOB,SHAD,UNK
ana,sh,four,t4_1,UNK,PLOB,PLOB,PLOB,PLOB,PLOB,PLOB,PLOB,SHAD,TURF,PLOB,PLOB,PLOB,PLOB,PLOB,PLOB,PLOB,PLOB,PLOB,SHAD,PLOB,PLOB,PLOB,PLOB,HALI,TURF,TURF,PLOB,TURF,PLOB,PLOB,PLOB,PLOB,PLOB,PLOB,PLOB,PLOB,PLOB,PLOB,PLOB,TURF,PLOB,PLOB,HALI,PLOB,PLOB,PLOB,PLOB,PLOB,PVER,PLOB,TURF,PLOB,HALI,PLOB,HALI,PLOB,HALI,PLOB,EAM,PLOB,PLOB,PLOB,PLOB,PLOB,PLOB,PLOB,PLOB,PLOB,PLOB,PLOB,PLOB,PLOB,PLOB,PLOB,PLOB,PLOB,PLOB,PLOB,PLOB,PLOB,PLOB,PLOB,PLOB,PLOB,PLOB,EAM,PLOB,PLOB,MACRO_UNK,PLOB,PLOB,PLOB,PLOB,PLOB,PLOB,PLOB,UNK,UNK,UNK
ana,sh,four,t4_2,PVER,SPR,SPR,PLOB,PLOB,PLOB,PLOB,PVER,PLOB,PLOB,PLOB,PVER,SPR,SPR,SPR,PLOB,PLOB,PVER,PLOB,PLOB,PLOB,PLOB,PLOB,SPR,SPR,SPR,SPR,SPR,PLOB,PLOB,PLOB,SPR,PLOB,PLOB,PLOB,SPR,SPR,PLOB,PLOB,UNK,PLOB,PLOB,PLOB,PLOB,PLOB,SPR,SPR,SPR,PLOB,PLOB,PLOB,PLOB,PLOB,PLOB,PLOB,PVER,PLOB,HALI,PLOB,PLOB,PLOB,PLOB,PLOB,PLOB,PLOB,PLOB,PLOB,PLOB,PLOB,PLOB,PLOB,PLOB,PLOB,PLOB,TAPE,PLOB,TAPE,PLOB,PLOB,PLOB,PLOB,PLOB,PLOB,PLOB,PLOB,PLOB,PLOB,PLOB,PLOB,PLOB,PLOB,PLOB,PLOB,PLOB,PLOB,PLOB,PLOB,PLOB,PLOB,PLOB
ana,sh,four,t4_3,PLOB,PLOB,PLOB,PLOB,SPR,SPR,SPR,SPR,SPR,SPR,PLOB,PLOB,PLOB,PLOB,SHAD,PLOB,TURF,EAM,EAM,PLOB,PLOB,PLOB,PLOB,PLOB,PLOB,PVER,PVER,SPR,SPR,SPR,PLOB,UNK,PLOB,PLOB,PLOB,PLOB,PVER,SPR,SPR,SPR,PLOB,PLOB,PLOB,UNK,PLOB,PLOB,PLOB,PLOB,PLOB,PLOB,PLOB,PLOB,PLOB,HALI,PLOB,PLOB,PLOB,PLOB,PLOB,PLOB,PLOB,PLOB,PLOB,PLOB,PLOB,PLOB,PLOB,PLOB,PLOB,PLOB,PLOB,PLOB,PLOB,PLOB,PLOB,PLOB,PLOB,PLOB,PLOB,PLOB,TAPE,TAPE,PLOB,PLOB,TAPE,TAPE,PLOB,TAPE,PLOB,PLOB,PLOB,PLOB,PLOB,PLOB,PLOB,PLOB,PLOB,PLOB,PLOB,PLOB
ana,sh,four,t4_4,PLOB,PLOB,PLOB,PLOB,PLOB,PLOB,SHAD,PLOB,PLOB,PLOB,PLOB,PLOB,PLOB,PLOB,PLOB,SHAD,PLOB,PLOB,PLOB,PLOB,TURF,TURF,PLOB,PLOB,PLOB,PLOB,PLOB,PLOB,PLOB,PLOB,PLOB,PLOB,PVER,PVER,PVER,PLOB,PLOB,PLOB,PLOB,PLOB,PLOB,PLOB,PLOB,PLOB,PLOB,PLOB,PLOB,PLOB,PLOB,PLOB,PLOB,PLOB,PLOB,PLOB,PLOB,PLOB,PLOB,PLOB,PLOB,PLOB,PLOB,PLOB,PLOB,PLOB,PLOB,PLOB,PLOB,PLOB,PLOB,PLOB,PLOB,PLOB,PLOB,PLOB,PLOB,PLOB,PLOB,PLOB,TAPE,TAPE,PVER,PLOB,PLOB,PLOB,PLOB,PLOB,PLOB,PLOB,PLOB,PLOB,PLOB,UNK,TURF,PLOB,PLOB,PLOB,PLOB,PLOB,PLOB,PLOB
ana,sh,four,t4_5,PLOB,PLOB,PLOB,PLOB,PLOB,PLOB,PLOB,PLOB,WAND,HALI,PLOB,PLOB,PLOB,PLOB,PLOB,PLOB,PLOB,HALI,PLOB,TURF,PLOB,PLOB,PLOB,PLOB,PLOB,PLOB,PLOB,PLOB,PLOB,PLOB,PLOB,PLOB,PLOB,PLOB,PLOB,PLOB,PLOB,PLOB,PLOB,PLOB,PLOB,PLOB,PLOB,PLOB,TURF,TURF,PLOB,PLOB,PLOB,PLOB,SHAD,PLOB,TURF,SHAD,TURF,PLOB,SHAD,PLOB,PLOB,PLOB,SHAD,PLOB,MACRO_UNK,PLOB,UNK,PLOB,PLOB,PLOB,PLOB,PLOB,PLOB,PLOB,PLOB,PLOB,PLOB,PLOB,PLOB,PLOB,PLOB,PLOB,PLOB,PLOB,PLOB,PLOB,PLOB,MACRO_UNK,PLOB,PLOB,PLOB,PLOB,PLOB,SHAD,SHAD,PLOB,PLOB,PLOB,PLOB,PLOB,PLOB,PLOB
ana,sh,four,t4_6,SHAD,PLOB,PLOB,PLOB,PLOB,PLOB,PLOB,PLOB,PLOB,PLOB,PLOB,PLOB,PLOB,PLOB,PLOB,PLOB,PLOB,PLOB,PLOB,PLOB,PLOB,PLOB,PLOB,PLOB,PLOB,PLOB,EAM,PLOB,PLOB,PLOB,PLOB,PLOB,PLOB,HALI,WAND,EAM,PLOB,PLOB,PLOB,PLOB,PLOB,PLOB,EAM,PLOB,PLOB,HALI,PLOB,PLOB,PLOB,PLOB,PLOB,PLOB,PLOB,PLOB,PLOB,PLOB,PLOB,PLOB,PLOB,PLOB,PLOB,PLOB,PLOB,PLOB,PLOB,PLOB,PLOB,PLOB,EAM,PLOB,PLOB,PLOB,PLOB,PLOB,PLOB,PLOB,PLOB,PLOB,PLOB,PLOB,PLOB,PLOB,PLOB,PLOB,PLOB,PLOB,PLOB,PLOB,PLOB,PLOB,PLOB,PLOB,PLOB,PLOB,PLOB,PLOB,PLOB,PLOB,PLOB,PLOB
ana,sh,four,t4_7,PLOB,PLOB,PLOB,PLOB,PLOB,PLOB,PLOB,PLOB,WAND,PLOB,PLOB,PLOB,HALI,PLOB,PLOB,PLOB,WAND,PLOB,PLOB,SHAD,PLOB,PLOB,MACRO_UNK,PLOB,PLOB,PLOB,PLOB,PLOB,PLOB,PLOB,PLOB,PLOB,PLOB,PLOB,PLOB,PLOB,PLOB,PLOB,PLOB,PLOB,HALI,PLOB,PLOB,PLOB,PLOB,PLOB,PLOB,PLOB,PLOB,PLOB,PLOB,PLOB,PLOB,PLOB,PLOB,PLOB,PLOB,PLOB,PLOB,PLOB,TURF,PLOB,PLOB,PLOB,PLOB,PLOB,EAM,EAM,PLOB,PLOB,PLOB,PLOB,PLOB,EAM,PLOB,PLOB,PLOB,PLOB,PLOB,PLOB,PLOB,PLOB,PLOB,SHAD,HALI,PLOB,PLOB,PLOB,PLOB,PLOB,SHAD,PLOB,PLOB,PLOB,PLOB,SHAD,PLOB,PLOB,PLOB,PLOB
ana,sh,four,t4_8,PLOB,PLOB,PLOB,PLOB,HALI,HALI,PLOB,PLOB,PLOB,PLOB,PLOB,PLOB,PLOB,PLOB,PLOB,HALI,HALI,WAND,PLOB,PLOB,PLOB,PLOB,PLOB,PLOB,PLOB,PLOB,PLOB,WAND,PLOB,PLOB,PLOB,PLOB,PLOB,HALI,SHAD,HALI,TURF,PLOB,TURF,HALI,SHAD,PLOB,PLOB,PLOB,PLOB,PLOB,PLOB,TURF,PLOB,PLOB,SHAD,PLOB,PLOB,HALI,PLOB,PLOB,HALI,PLOB,PLOB,PLOB,PLOB,PLOB,PLOB,PLOB,PLOB,PLOB,PLOB,SHAD,MACRO_UNK,PLOB,PLOB,PLOB,PLOB,PLOB,PLOB,PLOB,PLOB,PLOB,PLOB,MACRO_UNK,PLOB,PLOB,PLOB,PLOB,PLOB,PLOB,TURF,PLOB,TURF,PLOB,SHAD,PLOB,PLOB,PLOB,PLOB,PLOB,TURF,TURF,TURF,PLOB
ana,sh,four,t4_9,TURF,PLOB,PLOB,PLOB,PLOB,PLOB,PLOB,PLOB,PLOB,PLOB,TURF,TURF,PLOB,PLOB,PLOB,PLOB,PLOB,SHAD,PLOB,PLOB,PLOB,PLOB,PLOB,PLOB,PLOB,PLOB,PLOB,HALI,PLOB,PLOB,TURF,PLOB,PLOB,PLOB,PLOB,PLOB,PLOB,PLOB,PLOB,PLOB,UNK,SHAD,PLOB,PLOB,PLOB,PLOB,PLOB,PLOB,PLOB,PLOB,SHAD,UNK,PLOB,PLOB,PLOB,PLOB,HALI,HALI,PLOB,PLOB,MACRO_UNK,SHAD,PLOB,PLOB,MACRO_UNK,MACRO_UNK,MACRO_UNK,PLOB,PLOB,PLOB,PVER,PLOB,PLOB,PLOB,PLOB,PLOB,PLOB,PLOB,PLOB,PLOB,PLOB,MACRO_UNK,PLOB,PLOB,PLOB,PLOB,PLOB,PLOB,PLOB,PLOB,PLOB,PLOB,HALI,PLOB,PLOB,PLOB,PLOB,PLOB,PLOB,MACRO_UNK
ana,sh,four,t4_10,PLOB,PLOB,PLOB,PLOB,PLOB,PLOB,PLOB,PLOB,PLOB,PLOB,PLOB,PLOB,PLOB,PLOB,PLOB,PLOB,PLOB,EAM,TURF,MACRO_UNK,PLOB,PLOB,PLOB,PLOB,PLOB,EAM,EAM,EAM,EAM,EAM,SPR,SPR,PLOB,PLOB,PLOB,EAM,EAM,EAM,EAM,EAM,EAM,PLOB,PLOB,PLOB,PLOB,SHAD,PLOB,EAM,EAM,PLOB,PLOB,PLOB,PLOB,PLOB,PLOB,PLOB,SHAD,MACRO_UNK,SHAD,PLOB,PLOB,PLOB,PLOB,PLOB,PLOB,PLOB,PLOB,PLOB,PLOB,PLOB,PLOB,PLOB,PLOB,TAPE,PLOB,PLOB,PLOB,SHAD,PLOB,PLOB,PLOB,PLOB,PLOB,PLOB,PLOB,PLOB,PLOB,TAPE,PLOB,PLOB,PLOB,PLOB,PLOB,PLOB,SHAD,PLOB,PLOB,MACRO_UNK,HALI,PLOB
ana,sh,four,t4_11,UNK,SPR,SPR,SPR,SPR,SPR,SPR,SPR,SPR,HALI,SPR,SPR,SPR,SPR,SPR,SPR,SPR,PLOB,TURF,HALI,SPR,SPR,SPR,SPR,SPR,SPR,SPR,SPR,TURF,TURF,EAM,SPR,SPR,SPR,SPR,SPR,SPR,SPR,SPR,SPR,SPR,SPR,SPR,SPR,SPR,SPR,SPR,SPR,TURF,SPR,SPR,SPR,SPR,SPR,SPR,SPR,SPR,SPR,SPR,SPR,PLOB,SPR,SPR,SPR,SPR,SPR,SPR,SPR,SPR,SPR,SPR,SPR,PLOB,PLOB,PLOB,PLOB,SPR,SPR,EAM,EAM,PLOB,PLOB,PLOB,PLOB,PLOB,SPR,SPR,PLOB,PLOB,PLOB,PLOB,PLOB,PLOB,SHAD,PLOB,PLOB,PLOB,PLOB,PLOB,PLOB
ana,sh,four,t4_12,PLOB,PLOB,UNK,UNK,UNK,PLOB,EAM,EAM,EAM,SPR,MACRO_UNK,PLOB,SPR,SPR,PLOB,PLOB,PLOB,EAM,PLOB,SPR,TURF,TURF,EAM,SPR,SPR,EAM,EAM,EAM,EAM,SPR,MACRO_UNK,MACRO_UNK,TURF,SPR,EAM,EAM,EAM,EAM,EAM,EAM,PLOB,PLOB,TURF,PLOB,EAM,EAM,EAM,EAM,EAM,EAM,TURF,PLOB,EAM,PLOB,PLOB,SPR,PLOB,SPR,PLOB,SPR,PLOB,EAM,EAM,SHAD,SPR,SPR,PLOB,MACRO_UNK,PLOB,SPR,SHAD,PLOB,PLOB,PLOB,PLOB,HALI,PLOB,PLOB,HALI,PLOB,PLOB,PLOB,PLOB,SHAD,PLOB,UNK,PLOB,PLOB,HALI,PLOB,PLOB,PLOB,PLOB,PLOB,PLOB,PLOB,PLOB,PLOB,PLOB,PLOB
ana,sh,four,t4_13,PLOB,PLOB,PLOB,PLOB,SHAD,EAM,EAM,EAM,PLOB,EAM,PLOB,PLOB,PLOB,SHAD,PLOB,EAM,EAM,EAM,EAM,PLOB,PLOB,PLOB,PLOB,PLOB,EAM,EAM,EAM,PLOB,EAM,PLOB,HALI,SPR,SPR,PLOB,EAM,PLOB,TURF,EAM,EAM,PLOB,UNK,SPR,SPR,SPR,SPR,SPR,PLOB,EAM,PLOB,PLOB,SHAD,SPR,SPR,SPR,SPR,PLOB,PLOB,PLOB,PLOB,PLOB,PLOB,PLOB,PLOB,PLOB,PLOB,HALI,HALI,PLOB,PLOB,PLOB,PLOB,PLOB,PLOB,PLOB,PLOB,PLOB,PLOB,PLOB,PLOB,PLOB,PLOB,PLOB,PLOB,PLOB,PLOB,PLOB,PLOB,PLOB,PLOB,PLOB,PLOB,PLOB,PLOB,HALI,PLOB,PLOB,PLOB,PLOB,PLOB,PLOB
ana,sh,four,t4_14,PLOB,PLOB,PLOB,HALI,PLOB,MACRO_UNK,PLOB,PLOB,PLOB,PLOB,SHAD,PLOB,PLOB,PLOB,EAM,TURF,PLOB,PLOB,PLOB,PLOB,PLOB,PLOB,PLOB,PLOB,PLOB,PLOB,PLOB,PLOB,PLOB,PLOB,PLOB,PLOB,PLOB,PLOB,PLOB,PLOB,PLOB,PLOB,PLOB,PLOB,EAM,PLOB,PLOB,PLOB,PLOB,PLOB,PLOB,PLOB,PLOB,PLOB,PLOB,PLOB,PLOB,PLOB,PLOB,PLOB,PLOB,PLOB,SPR,SPR,PLOB,PLOB,SHAD,PLOB,PLOB,UNK,PLOB,PLOB,PLOB,SPR,TURF,PLOB,EAM,PLOB,PLOB,PLOB,TURF,PLOB,TURF,PLOB,PLOB,PLOB,PLOB,PLOB,PLOB,PLOB,PLOB,PLOB,PLOB,PLOB,PLOB,PLOB,PLOB,PLOB,DAUS,PLOB,PLOB,PLOB,PLOB,PLOB
ana,sh,four,t4_15,SHAD,TURF,PLOB,PLOB,PLOB,PLOB,PLOB,PLOB,PLOB,PLOB,HALI,PLOB,PLOB,PLOB,PLOB,PLOB,PLOB,HALI,WAND,HALI,PLOB,HALI,PLOB,PLOB,PLOB,PLOB,PLOB,WAND,PLOB,PLOB,PLOB,PLOB,PLOB,PLOB,PLOB,PLOB,PLOB,PLOB,PLOB,PLOB,PLOB,SHAD,PLOB,SHAD,PLOB,SHAD,PLOB,PLOB,PLOB,PLOB,PLOB,PLOB,PLOB,PLOB,PLOB,PLOB,PLOB,PLOB,PLOB,PLOB,PLOB,SHAD,PLOB,PLOB,PLOB,PLOB,PLOB,TURF,PLOB,PLOB,PLOB,PLOB,PLOB,PLOB,PLOB,PLOB,EAM,EAM,PLOB,PLOB,PLOB,SHAD,PLOB,PLOB,SHAD,PLOB,PLOB,PLOB,PLOB,PLOB,PLOB,PLOB,HALI,SOBT,PLOB,PLOB,PLOB,PLOB,PLOB,PLOB
